_kp_producao,dataFusao,ordenacao,_kp_fichaTecnica,caixa,_kf_macho,processo,recurso,areia,peso,qtd_machos,qtd_machosPor,figuras,qtd_replicas,qtd_op,qtd_realizada,qtd_pendente,Qtd. Moldes,Tempo de Ciclo (por molde),Tempo Total (minutos),not_before_date,deadline
132718,8/18/2025,4,4668,20,2629,Cold Box Soprado,Sopradora,Silica,"1,728","  0,75 ",peça,3,1,40,0,30,  10 ,  1 ,  14 ,8/12/2025,8/14/2025
132718,8/18/2025,4,4668,30,2926,Pep Set,Carrossel,Silica,,  1 ,Lote,1,1,40,0,  1 ,  1 ,  1 ,  1 ,8/12/2025,8/14/2025
145391,8/18/2025,13,4690,1,113,Cold Box Gasado,Cold Box 4,Silica,21,"  1,00 ",peça,1,1,8,0,8,  8 ,  3 ,  20 ,8/12/2025,8/14/2025
145584,8/18/2025,20,3345,1,1948,Pep Set,Vibrado,Silica,  106 ,  1 ,peça,1,1,6,0,  6 ,  6 ,  28 ,  168 ,8/12/2025,8/14/2025
145702,8/19/2025,1,4805,5,2694,Pep Set,Vibrado,Silica,  77 ,  1 ,peça,1,2,8,2,  6 ,  6 ,  28 ,  168 ,8/13/2025,8/15/2025
145812,8/19/2025,2,4758,7,2673,Pep Set,Carrossel,Silica,4,"  1,00 ",peça,1,1,14,11,3,  3 ,  1 ,  4 ,8/13/2025,8/15/2025
145736,8/19/2025,6,3072,30,2926,Pep Set,Carrossel,Silica,,  1 ,Lote,1,1,56,0,  1 ,  1 ,  1 ,  1 ,8/13/2025,8/15/2025
146076,8/19/2025,11,4292,30,2926,Pep Set,Carrossel,Silica,,  1 ,Lote,1,1,72,0,  1 ,  1 ,  1 ,  1 ,8/13/2025,8/15/2025
146108,8/19/2025,14,3963,23,2907,Cold Box Gasado,Cold Box Pequena,Silica,  10 ,  1 ,Molde,2,1,24,0,  1 ,  1 ,  3 ,  1 ,8/13/2025,8/15/2025
146165,8/19/2025,14,604,24,2908,Cold Box Gasado,Cold Box Pequena,Silica,  10 ,  1 ,Molde,2,1,168,8,  6 ,  3 ,  3 ,  8 ,8/13/2025,8/15/2025
145703,8/19/2025,15,4805,3,2692,Cold Box Soprado,Sopradora,Silica,  3 ,  1 ,peça,2,1,8,0,  8 ,  4 ,  1 ,  6 ,8/13/2025,8/15/2025
145703,8/19/2025,15,4805,4,2693,Cold Box Soprado,Sopradora,Silica,  1 ,  4 ,peça,4,1,8,0,  32 ,  8 ,  1 ,  11 ,8/13/2025,8/15/2025
145703,8/19/2025,15,4805,5,2694,Pep Set,Vibrado,Silica,  77 ,  1 ,peça,1,2,8,0,  8 ,  8 ,  28 ,  224 ,8/13/2025,8/15/2025
145703,8/19/2025,15,4805,20,2629,Cold Box Soprado,Sopradora,Silica,"1,728","  1,50 ",peça,3,1,8,0,12,  4 ,  1 ,  6 ,8/13/2025,8/15/2025
145749,8/19/2025,16,947,1,87,Pep Set,Carrossel,Silica,  22 ,  1 ,peça,1,2,20,0,  20 ,  20 ,  1 ,  25 ,8/13/2025,8/15/2025
145749,8/19/2025,16,947,2,88,Pep Set,Carrossel,Silica,  16 ,  1 ,peça,1,2,20,6,  14 ,  14 ,  1 ,  18 ,8/13/2025,8/15/2025
145755,8/19/2025,18,945,1,90,Pep Set,Carrossel,Silica,  22 ,  1 ,peça,1,2,20,0,  20 ,  20 ,  1 ,  25 ,8/13/2025,8/15/2025
145755,8/19/2025,18,945,2,91,Pep Set,Carrossel,Silica,  16 ,  1 ,peça,1,2,20,0,  20 ,  20 ,  1 ,  25 ,8/13/2025,8/15/2025
145755,8/19/2025,18,945,3,92,Pep Set,Carrossel,Silica,  9 ,  1 ,peça,1,2,20,0,  20 ,  20 ,  1 ,  25 ,8/13/2025,8/15/2025
145755,8/19/2025,18,945,4,93,Pep Set,Carrossel,Silica,  5 ,  1 ,peça,1,2,20,0,  20 ,  20 ,  1 ,  25 ,8/13/2025,8/15/2025
145277,8/19/2025,20,944,20,2629,Cold Box Soprado,Sopradora,Silica,  2 ,  2 ,peça,3,1,16,0,  24 ,  8 ,  1 ,  11 ,8/13/2025,8/15/2025
145548,8/19/2025,21,4690,1,113,Cold Box Gasado,Cold Box 4,Silica,  21 ,  1 ,peça,1,1,8,0,  8 ,  8 ,  3 ,  20 ,8/13/2025,8/15/2025
145551,8/19/2025,21,4689,1,113,Cold Box Gasado,Cold Box 4,Silica,21,"  1,00 ",peça,1,1,8,0,8,  8 ,  3 ,  20 ,8/13/2025,8/15/2025
145704,8/20/2025,1,4805,5,2694,Pep Set,Vibrado,Silica,"76,5","  1,00 ",peça,1,2,8,0,8,  8 ,  28 ,  224 ,8/14/2025,8/18/2025
145704,8/20/2025,1,4805,6,2695,Pep Set,Carrossel,Silica,"8,47","  1,00 ",peça,1,1,8,0,8,  8 ,  1 ,  10 ,8/14/2025,8/18/2025
145704,8/20/2025,1,4805,7,2696,Pep Set,Carrossel,Silica,  8 ,  1 ,peça,1,1,8,0,  8 ,  8 ,  1 ,  10 ,8/14/2025,8/18/2025
145704,8/20/2025,1,4805,8,2697,Pep Set,Carrossel,Silica,  8 ,  1 ,peça,1,1,8,0,  8 ,  8 ,  1 ,  10 ,8/14/2025,8/18/2025
145704,8/20/2025,1,4805,9,2698,Pep Set,Carrossel,Silica,  8 ,  1 ,peça,1,1,8,0,  8 ,  8 ,  1 ,  10 ,8/14/2025,8/18/2025
145704,8/20/2025,1,4805,20,2629,Cold Box Soprado,Sopradora,Silica,  2 ,  2 ,peça,3,1,8,0,  12 ,  4 ,  1 ,  6 ,8/14/2025,8/18/2025
145620,8/20/2025,2,4755,1,116,Pep Set,Chão,Silica,  13 ,  1 ,peça,1,2,20,0,  20 ,  20 ,  15 ,  300 ,8/14/2025,8/18/2025
145620,8/20/2025,2,4755,3,2514,Cold Box Soprado,Sopradora,Silica,"3,46","  1,00 ",peça,4,1,20,0,20,  5 ,  1 ,  7 ,8/14/2025,8/18/2025
146013,8/19/2025,3,4576,1,2552,Pep Set,Chão,Cromita,  13 ,  1 ,peça,1,1,28,1,  27 ,  27 ,  15 ,  405 ,8/18/2025,8/18/2025
145705,8/20/2025,7,4805,5,2694,Pep Set,Vibrado,Silica,  77 ,  1 ,peça,1,2,8,0,  8 ,  8 ,  28 ,  224 ,8/14/2025,8/18/2025
145705,8/20/2025,7,4805,6,2695,Pep Set,Carrossel,Silica,  8 ,  1 ,peça,1,1,8,0,  8 ,  8 ,  1 ,  10 ,8/14/2025,8/18/2025
145705,8/20/2025,7,4805,7,2696,Pep Set,Carrossel,Silica,  8 ,  1 ,peça,1,1,8,0,  8 ,  8 ,  1 ,  10 ,8/14/2025,8/18/2025
145705,8/20/2025,7,4805,8,2697,Pep Set,Carrossel,Silica,  8 ,  1 ,peça,1,1,8,0,  8 ,  8 ,  1 ,  10 ,8/14/2025,8/18/2025
145705,8/20/2025,7,4805,9,2698,Pep Set,Carrossel,Silica,  8 ,  1 ,peça,1,1,8,0,  8 ,  8 ,  1 ,  10 ,8/14/2025,8/18/2025
145705,8/20/2025,7,4805,20,2629,Cold Box Soprado,Sopradora,Silica,  2 ,  2 ,peça,3,1,8,0,  12 ,  4 ,  1 ,  6 ,8/14/2025,8/18/2025
146077,8/20/2025,9,4292,1,1755,Cold Box Soprado,Sopradora,Silica,12,"  1,00 ",peça,1,1,72,0,72,  72 ,  1 ,  102 ,8/14/2025,8/18/2025
146077,8/20/2025,9,4292,30,2926,Pep Set,Carrossel,Silica,,"  1,00 ",Lote,1,1,72,0,1,  1 ,  1 ,  1 ,8/14/2025,8/18/2025
145750,8/20/2025,10,947,1,87,Pep Set,Carrossel,Silica,  22 ,  1 ,peça,1,2,20,0,  20 ,  20 ,  1 ,  25 ,8/14/2025,8/18/2025
145750,8/20/2025,10,947,2,88,Pep Set,Carrossel,Silica,  16 ,  1 ,peça,1,2,20,0,  20 ,  20 ,  1 ,  25 ,8/14/2025,8/18/2025
145750,8/20/2025,10,947,3,89,Pep Set,Carrossel,Silica,  9 ,  1 ,peça,1,2,20,0,  20 ,  20 ,  1 ,  25 ,8/14/2025,8/18/2025
145750,8/20/2025,10,947,4,94,Pep Set,Carrossel,Silica,  5 ,  1 ,peça,1,2,20,0,  20 ,  20 ,  1 ,  25 ,8/14/2025,8/18/2025
145756,8/20/2025,11,945,1,90,Pep Set,Carrossel,Silica,  22 ,  1 ,peça,1,2,20,0,  20 ,  20 ,  1 ,  25 ,8/14/2025,8/18/2025
145756,8/20/2025,11,945,2,91,Pep Set,Carrossel,Silica,  16 ,  1 ,peça,1,2,20,0,  20 ,  20 ,  1 ,  25 ,8/14/2025,8/18/2025
145756,8/20/2025,11,945,3,92,Pep Set,Carrossel,Silica,  9 ,  1 ,peça,1,2,20,0,  20 ,  20 ,  1 ,  25 ,8/14/2025,8/18/2025
145756,8/20/2025,11,945,4,93,Pep Set,Carrossel,Silica,  5 ,  1 ,peça,1,2,20,0,  20 ,  20 ,  1 ,  25 ,8/14/2025,8/18/2025
145250,8/20/2025,12,946,20,2629,Cold Box Soprado,Sopradora,Silica,"1,728","  1,50 ",peça,3,1,16,0,24,  8 ,  1 ,  11 ,8/14/2025,8/18/2025
145941,8/20/2025,13,3203,1,1874,Pep Set,Carrossel,Silica,"7,14","  1,00 ",peça,1,1,28,0,28,  28 ,  1 ,  35 ,8/14/2025,8/18/2025
146018,8/20/2025,13,497,1,2175,Pep Set,Carrossel,Silica,"2,92","  1,00 ",peça,1,1,6,0,6,  6 ,  1 ,  8 ,8/14/2025,8/18/2025
146019,8/20/2025,13,387,1,2175,Pep Set,Carrossel,Silica,  3 ,  1 ,peça,1,1,6,0,  6 ,  6 ,  1 ,  8 ,8/14/2025,8/18/2025
146020,8/20/2025,13,384,1,258,Pep Set,Carrossel,Silica,  7 ,  1 ,peça,1,1,8,0,  8 ,  8 ,  1 ,  10 ,8/14/2025,8/18/2025
146020,8/20/2025,13,384,2,259,Pep Set,Carrossel,Silica,  4 ,  1 ,peça,1,1,8,0,  8 ,  8 ,  1 ,  10 ,8/14/2025,8/18/2025
146020,8/20/2025,13,384,3,260,Pep Set,Chão,Silica,  5 ,  1 ,peça,1,1,8,0,  8 ,  8 ,  15 ,  120 ,8/14/2025,8/18/2025
146204,8/20/2025,14,4930,22,2906,Cold Box Gasado,Cold Box Pequena,Silica,  8 ,  1 ,Molde,2,1,315,0,  21 ,  11 ,  3 ,  26 ,8/14/2025,8/18/2025
145218,8/20/2025,15,5171,1,2929,Pep Set,Chão,Silica,28,"  1,00 ",peça,1,1,10,0,10,  10 ,  15 ,  150 ,8/14/2025,8/18/2025
145218,8/20/2025,15,5171,2,2930,Pep Set,Carrossel,Silica,,"  1,00 ",peça,1,1,10,0,10,  10 ,  1 ,  13 ,8/14/2025,8/18/2025
145549,8/20/2025,16,4690,1,113,Cold Box Gasado,Cold Box 4,Silica,21,"  1,00 ",peça,1,1,8,0,8,  8 ,  3 ,  20 ,8/14/2025,8/18/2025
145552,8/20/2025,16,4689,1,113,Cold Box Gasado,Cold Box 4,Silica,  21 ,  1 ,peça,1,1,8,0,  8 ,  8 ,  3 ,  20 ,8/14/2025,8/18/2025
145552,8/20/2025,16,4689,2,114,Pep Set,Carrossel,Silica,  3 ,  1 ,peça,2,1,8,0,  8 ,  4 ,  1 ,  5 ,8/14/2025,8/18/2025
146094,8/20/2025,17,4518,1,2503,Pep Set,Carrossel,Silica,"1,8","  1,00 ",peça,1,1,16,0,16,  16 ,  1 ,  20 ,8/14/2025,8/18/2025
146095,8/20/2025,17,4519,1,2502,Pep Set,Carrossel,Silica,  2 ,  1 ,peça,1,1,16,0,  16 ,  16 ,  1 ,  20 ,8/14/2025,8/18/2025
146144,8/20/2025,17,4487,1,2488,Pep Set,Carrossel,Silica,  9 ,  1 ,peça,1,1,12,0,  12 ,  12 ,  1 ,  15 ,8/14/2025,8/18/2025
146145,8/20/2025,17,4504,1,2494,Pep Set,Carrossel,Silica,  6 ,  1 ,peça,1,1,12,0,  12 ,  12 ,  1 ,  15 ,8/14/2025,8/18/2025
146146,8/20/2025,17,4488,1,2489,Pep Set,Carrossel,Silica,  10 ,  1 ,peça,1,1,12,0,  12 ,  12 ,  1 ,  15 ,8/14/2025,8/18/2025
146147,8/20/2025,17,4494,1,2491,Pep Set,Carrossel,Silica,  2 ,  1 ,peça,1,1,20,0,  20 ,  20 ,  1 ,  25 ,8/14/2025,8/18/2025
145598,8/20/2025,19,4621,1,2562,Pep Set,Carrossel,Silica,  4 ,  2 ,peça,1,1,6,0,  12 ,  12 ,  1 ,  15 ,8/14/2025,8/18/2025
145598,8/20/2025,19,4621,2,2563,Pep Set,Carrossel,Silica,  13 ,  2 ,peça,1,1,6,0,  12 ,  12 ,  1 ,  15 ,8/14/2025,8/18/2025
145598,8/20/2025,19,4621,3,2564,Pep Set,Carrossel,Silica,  13 ,  2 ,peça,1,1,6,0,  12 ,  12 ,  1 ,  15 ,8/14/2025,8/18/2025
145598,8/20/2025,19,4621,4,2565,Pep Set,Vibrado,Silica,  68 ,  1 ,peça,1,1,6,0,  6 ,  6 ,  28 ,  168 ,8/14/2025,8/18/2025
145598,8/20/2025,19,4621,5,2566,Pep Set,Carrossel,Silica,  13 ,  2 ,peça,1,1,6,0,  12 ,  12 ,  1 ,  15 ,8/14/2025,8/18/2025
145598,8/20/2025,19,4621,6,2567,Pep Set,Carrossel,Silica,  13 ,  2 ,peça,1,1,6,0,  12 ,  12 ,  1 ,  15 ,8/14/2025,8/18/2025
145598,8/20/2025,19,4621,7,2568,Pep Set,Carrossel,Silica,  9 ,  2 ,peça,1,1,6,0,  12 ,  12 ,  1 ,  15 ,8/14/2025,8/18/2025
145593,8/20/2025,21,4689,1,113,Cold Box Gasado,Cold Box 4,Silica,  21 ,  1 ,peça,1,1,8,0,  8 ,  8 ,  3 ,  20 ,8/14/2025,8/18/2025
145593,8/20/2025,21,4689,2,114,Pep Set,Carrossel,Silica,  3 ,  1 ,peça,2,1,8,0,  8 ,  4 ,  1 ,  5 ,8/14/2025,8/18/2025
145648,8/20/2025,21,4690,1,113,Cold Box Gasado,Cold Box 4,Silica,  21 ,  1 ,peça,1,1,8,0,  8 ,  8 ,  3 ,  20 ,8/14/2025,8/18/2025
145648,8/20/2025,21,4690,2,114,Pep Set,Carrossel,Silica,  3 ,  1 ,peça,2,1,8,0,  8 ,  4 ,  1 ,  5 ,8/14/2025,8/18/2025
145630,8/20/2025,22,4689,1,113,Cold Box Gasado,Cold Box 4,Silica,  21 ,  1 ,peça,1,1,8,0,  8 ,  8 ,  3 ,  20 ,8/14/2025,8/18/2025
145630,8/20/2025,22,4689,2,114,Pep Set,Carrossel,Silica,  3 ,  1 ,peça,2,1,8,0,  8 ,  4 ,  1 ,  5 ,8/14/2025,8/18/2025
145630,8/20/2025,22,4689,20,2629,Cold Box Soprado,Sopradora,Silica,  2 ,  1 ,peça,3,1,8,0,  6 ,  2 ,  1 ,  3 ,8/14/2025,8/18/2025
145649,8/20/2025,22,4690,1,113,Cold Box Gasado,Cold Box 4,Silica,  21 ,  1 ,peça,1,1,8,0,  8 ,  8 ,  3 ,  20 ,8/14/2025,8/18/2025
145649,8/20/2025,22,4690,2,114,Pep Set,Carrossel,Silica,"2,665","  1,00 ",peça,2,1,8,0,8,  4 ,  1 ,  5 ,8/14/2025,8/18/2025
145649,8/20/2025,22,4690,20,2629,Cold Box Soprado,Sopradora,Silica,  2 ,  1 ,peça,3,1,8,0,  6 ,  2 ,  1 ,  3 ,8/14/2025,8/18/2025
145621,8/21/2025,1,4755,1,116,Pep Set,Chão,Silica,"12,5","  1,00 ",peça,1,2,20,0,20,  20 ,  15 ,  300 ,8/15/2025,8/19/2025
145621,8/21/2025,1,4755,3,2514,Cold Box Soprado,Sopradora,Silica,  3 ,  1 ,peça,4,1,20,0,  20 ,  5 ,  1 ,  7 ,8/15/2025,8/19/2025
145706,8/21/2025,2,4805,5,2694,Pep Set,Vibrado,Silica,  77 ,  1 ,peça,1,2,8,0,  8 ,  8 ,  28 ,  224 ,8/15/2025,8/19/2025
145706,8/21/2025,2,4805,6,2695,Pep Set,Carrossel,Silica,  8 ,  1 ,peça,1,1,8,0,  8 ,  8 ,  1 ,  10 ,8/15/2025,8/19/2025
145706,8/21/2025,2,4805,7,2696,Pep Set,Carrossel,Silica,  8 ,  1 ,peça,1,1,8,0,  8 ,  8 ,  1 ,  10 ,8/15/2025,8/19/2025
145706,8/21/2025,2,4805,8,2697,Pep Set,Carrossel,Silica,  8 ,  1 ,peça,1,1,8,0,  8 ,  8 ,  1 ,  10 ,8/15/2025,8/19/2025
145706,8/21/2025,2,4805,9,2698,Pep Set,Carrossel,Silica,  8 ,  1 ,peça,1,1,8,0,  8 ,  8 ,  1 ,  10 ,8/15/2025,8/19/2025
145706,8/21/2025,2,4805,20,2629,Cold Box Soprado,Sopradora,Silica,  2 ,  2 ,peça,3,1,8,0,  12 ,  4 ,  1 ,  6 ,8/15/2025,8/19/2025
145567,8/21/2025,3,5090,1,2885,Pep Set,Carrossel,Silica,"1,4","  1,00 ",Peça,1,1,80,0,80,  80 ,  1 ,  100 ,8/15/2025,8/19/2025
145567,8/21/2025,3,5090,2,2886,Pep Set,Carrossel,Silica,3,"  1,00 ",Peça,1,1,80,0,80,  80 ,  1 ,  100 ,8/15/2025,8/19/2025
144268,8/21/2025,4,4835,1,2707,Cold Box Soprado,Sopradora,Silica,  4 ,  1 ,peça,4,2,40,0,  40 ,  10 ,  1 ,  14 ,8/15/2025,8/19/2025
145149,8/21/2025,6,4858,1,2735,Cold Box Soprado,Sopradora,Silica,  1 ,  1 ,peça,14,1,70,0,  70 ,  5 ,  1 ,  7 ,8/15/2025,8/19/2025
145149,8/21/2025,6,4858,2,2736,Cold Box Soprado,Sopradora,Silica,  0 ,  1 ,peça,9,1,70,0,  70 ,  8 ,  1 ,  11 ,8/15/2025,8/19/2025
145707,8/21/2025,7,4805,3,2692,Cold Box Soprado,Sopradora,Silica,  3 ,  1 ,peça,2,1,8,0,  8 ,  4 ,  1 ,  6 ,8/15/2025,8/19/2025
145707,8/21/2025,7,4805,4,2693,Cold Box Soprado,Sopradora,Silica,  1 ,  4 ,peça,4,1,8,0,  32 ,  8 ,  1 ,  11 ,8/15/2025,8/19/2025
145707,8/21/2025,7,4805,5,2694,Pep Set,Vibrado,Silica,  77 ,  1 ,peça,1,2,8,0,  8 ,  8 ,  28 ,  224 ,8/15/2025,8/19/2025
145707,8/21/2025,7,4805,6,2695,Pep Set,Carrossel,Silica,  8 ,  1 ,peça,1,1,8,0,  8 ,  8 ,  1 ,  10 ,8/15/2025,8/19/2025
145707,8/21/2025,7,4805,7,2696,Pep Set,Carrossel,Silica,  8 ,  1 ,peça,1,1,8,0,  8 ,  8 ,  1 ,  10 ,8/15/2025,8/19/2025
145707,8/21/2025,7,4805,8,2697,Pep Set,Carrossel,Silica,  8 ,  1 ,peça,1,1,8,0,  8 ,  8 ,  1 ,  10 ,8/15/2025,8/19/2025
145707,8/21/2025,7,4805,9,2698,Pep Set,Carrossel,Silica,  8 ,  1 ,peça,1,1,8,0,  8 ,  8 ,  1 ,  10 ,8/15/2025,8/19/2025
145707,8/21/2025,7,4805,20,2629,Cold Box Soprado,Sopradora,Silica,  2 ,  2 ,peça,3,1,8,0,  12 ,  4 ,  1 ,  6 ,8/15/2025,8/19/2025
146192,8/21/2025,8,2172,1,1293,Pep Set,Chão,Silica areia nova,  36 ,  1 ,peça,1,1,5,0,  5 ,  5 ,  15 ,  75 ,8/15/2025,8/19/2025
146192,8/21/2025,8,2172,2,1325,Pep Set,Chão,Silica areia nova,  33 ,  1 ,peça,1,1,5,0,  5 ,  5 ,  15 ,  75 ,8/15/2025,8/19/2025
146192,8/21/2025,8,2172,3,1326,Pep Set,Chão,Silica areia nova,  39 ,  1 ,peça,1,1,5,0,  5 ,  5 ,  15 ,  75 ,8/15/2025,8/19/2025
146192,8/21/2025,8,2172,4,1327,Pep Set,Chão,Silica areia nova,  13 ,  1 ,peça,1,1,5,0,  5 ,  5 ,  15 ,  75 ,8/15/2025,8/19/2025
146296,8/21/2025,8,4746,1,2666,Cold Box Gasado,Cold Box 4,Silica areia nova,"3,5","  1,00 ",peça,1,1,16,0,16,  16 ,  3 ,  40 ,8/15/2025,8/19/2025
146296,8/21/2025,8,4746,29,2925,Pep Set,Carrossel,Silica,,"  1,00 ",Lote,1,1,16,0,1,  1 ,  1 ,  1 ,8/15/2025,8/19/2025
146352,8/21/2025,8,2167,1,1289,Pep Set,Chão,Silica areia nova,"30,3","  1,00 ",peça,1,1,6,0,6,  6 ,  15 ,  90 ,8/15/2025,8/19/2025
146352,8/21/2025,8,2167,2,1290,Pep Set,Chão,Silica areia nova,  6 ,  2 ,peça,1,1,6,0,  12 ,  12 ,  15 ,  180 ,8/15/2025,8/19/2025
146352,8/21/2025,8,2167,29,2925,Pep Set,Carrossel,Silica,,  1 ,Lote,1,1,6,0,  1 ,  1 ,  1 ,  1 ,8/15/2025,8/19/2025
145751,8/21/2025,9,947,1,87,Pep Set,Carrossel,Silica,  22 ,  1 ,peça,1,2,20,0,  20 ,  20 ,  1 ,  25 ,8/15/2025,8/19/2025
145751,8/21/2025,9,947,2,88,Pep Set,Carrossel,Silica,  16 ,  1 ,peça,1,2,20,0,  20 ,  20 ,  1 ,  25 ,8/15/2025,8/19/2025
145751,8/21/2025,9,947,3,89,Pep Set,Carrossel,Silica,  9 ,  1 ,peça,1,2,20,0,  20 ,  20 ,  1 ,  25 ,8/15/2025,8/19/2025
145751,8/21/2025,9,947,4,94,Pep Set,Carrossel,Silica,  5 ,  1 ,peça,1,2,20,0,  20 ,  20 ,  1 ,  25 ,8/15/2025,8/19/2025
144292,8/21/2025,10,4859,1,2735,Cold Box Soprado,Sopradora,Silica,"1,158","  1,00 ",peça,14,1,70,0,70,  5 ,  1 ,  7 ,8/15/2025,8/19/2025
144292,8/21/2025,10,4859,2,2736,Cold Box Soprado,Sopradora,Silica,  0 ,  1 ,peça,9,1,70,0,  70 ,  8 ,  1 ,  11 ,8/15/2025,8/19/2025
145757,8/21/2025,11,945,1,90,Pep Set,Carrossel,Silica,  22 ,  1 ,peça,1,2,20,0,  20 ,  20 ,  1 ,  25 ,8/15/2025,8/19/2025
145757,8/21/2025,11,945,2,91,Pep Set,Carrossel,Silica,  16 ,  1 ,peça,1,2,20,0,  20 ,  20 ,  1 ,  25 ,8/15/2025,8/19/2025
145757,8/21/2025,11,945,3,92,Pep Set,Carrossel,Silica,  9 ,  1 ,peça,1,2,20,0,  20 ,  20 ,  1 ,  25 ,8/15/2025,8/19/2025
145757,8/21/2025,11,945,4,93,Pep Set,Carrossel,Silica,  5 ,  1 ,peça,1,2,20,0,  20 ,  20 ,  1 ,  25 ,8/15/2025,8/19/2025
145996,8/21/2025,12,1629,1,980,Pep Set,Carrossel,Silica,  17 ,  1 ,peça,1,1,4,0,  4 ,  4 ,  1 ,  5 ,8/15/2025,8/19/2025
145999,8/21/2025,12,1799,1,925,Pep Set,Chão,Silica,  125 ,  1 ,peça,1,1,2,0,  2 ,  2 ,  15 ,  30 ,8/15/2025,8/19/2025
146000,8/21/2025,12,1725,1,921,Pep Set,Chão,Silica,  95 ,  1 ,peça,1,1,2,0,  2 ,  2 ,  15 ,  30 ,8/15/2025,8/19/2025
146004,8/20/2025,13,2512,1,1520,Pep Set,Chão,Cromita,  8 ,  1 ,peça,1,1,4,0,  4 ,  4 ,  15 ,  60 ,8/18/2025,8/19/2025
146004,8/20/2025,13,2512,2,1521,Pep Set,Chão,Cromita,  2 ,  1 ,peça,1,1,4,0,  4 ,  4 ,  15 ,  60 ,8/18/2025,8/19/2025
146152,8/21/2025,13,264,22,2906,Cold Box Gasado,Cold Box Pequena,Silica,  8 ,  1 ,Molde,2,1,238,0,  17 ,  9 ,  3 ,  21 ,8/15/2025,8/19/2025
146228,8/21/2025,14,604,24,2908,Cold Box Gasado,Cold Box Pequena,Silica,  10 ,  1 ,Molde,2,1,180,0,  15 ,  8 ,  3 ,  19 ,8/15/2025,8/19/2025
145480,8/21/2025,15,5170,1,2931,Pep Set,Chão,Silica,  30 ,  1 ,peça,1,1,8,0,  8 ,  8 ,  15 ,  120 ,8/15/2025,8/19/2025
145480,8/21/2025,15,5170,2,2932,Pep Set,Carrossel,Silica,  5 ,  1 ,peça,1,1,8,0,  8 ,  8 ,  1 ,  10 ,8/15/2025,8/19/2025
146104,8/21/2025,15,5171,1,2929,Pep Set,Chão,Silica,  28 ,  1 ,peça,1,1,2,0,  2 ,  2 ,  15 ,  30 ,8/15/2025,8/19/2025
146104,8/21/2025,15,5171,2,2930,Pep Set,Carrossel,Silica,,  1 ,peça,1,1,2,0,  2 ,  2 ,  1 ,  3 ,8/15/2025,8/19/2025
145631,8/21/2025,16,4689,1,113,Cold Box Gasado,Cold Box 4,Silica,  21 ,  1 ,peça,1,1,8,0,  8 ,  8 ,  3 ,  20 ,8/15/2025,8/19/2025
145631,8/21/2025,16,4689,2,114,Pep Set,Carrossel,Silica,  3 ,  1 ,peça,2,1,8,0,  8 ,  4 ,  1 ,  5 ,8/15/2025,8/19/2025
145631,8/21/2025,16,4689,20,2629,Cold Box Soprado,Sopradora,Silica,  2 ,  1 ,peça,3,1,8,0,  6 ,  2 ,  1 ,  3 ,8/15/2025,8/19/2025
145650,8/21/2025,16,4690,1,113,Cold Box Gasado,Cold Box 4,Silica,  21 ,  1 ,peça,1,1,8,0,  8 ,  8 ,  3 ,  20 ,8/15/2025,8/19/2025
145650,8/21/2025,16,4690,2,114,Pep Set,Carrossel,Silica,  3 ,  1 ,peça,2,1,8,0,  8 ,  4 ,  1 ,  5 ,8/15/2025,8/19/2025
145650,8/21/2025,16,4690,20,2629,Cold Box Soprado,Sopradora,Silica,"1,728","  0,75 ",peça,3,1,8,0,6,  2 ,  1 ,  3 ,8/15/2025,8/19/2025
145278,8/21/2025,17,944,1,99,Pep Set,Carrossel,Silica,  9 ,  1 ,peça,1,1,16,0,  16 ,  16 ,  1 ,  20 ,8/15/2025,8/19/2025
145278,8/21/2025,17,944,6,840,Cold Box Soprado,Sopradora,Silica,"1,56","  1,00 ",peça,4,1,16,0,16,  4 ,  1 ,  6 ,8/15/2025,8/19/2025
145278,8/21/2025,17,944,3,101,Cold Box Soprado,Sopradora,Silica,  1 ,  1 ,peça,4,1,16,0,  16 ,  4 ,  1 ,  6 ,8/15/2025,8/19/2025
145278,8/21/2025,17,944,20,2629,Cold Box Soprado,Sopradora,Silica,  2 ,  2 ,peça,3,1,16,0,  24 ,  8 ,  1 ,  11 ,8/15/2025,8/19/2025
145632,8/21/2025,18,4689,1,113,Cold Box Gasado,Cold Box 4,Silica,  21 ,  1 ,peça,1,1,8,0,  8 ,  8 ,  3 ,  20 ,8/15/2025,8/19/2025
145632,8/21/2025,18,4689,2,114,Pep Set,Carrossel,Silica,  3 ,  1 ,peça,2,1,8,0,  8 ,  4 ,  1 ,  5 ,8/15/2025,8/19/2025
145632,8/21/2025,18,4689,20,2629,Cold Box Soprado,Sopradora,Silica,  2 ,  1 ,peça,3,1,8,0,  6 ,  2 ,  1 ,  3 ,8/15/2025,8/19/2025
145651,8/21/2025,18,4690,1,113,Cold Box Gasado,Cold Box 4,Silica,21,"  1,00 ",peça,1,1,8,0,8,  8 ,  3 ,  20 ,8/15/2025,8/19/2025
145651,8/21/2025,18,4690,2,114,Pep Set,Carrossel,Silica,"2,665","  1,00 ",peça,2,1,8,0,8,  4 ,  1 ,  5 ,8/15/2025,8/19/2025
145651,8/21/2025,18,4690,20,2629,Cold Box Soprado,Sopradora,Silica,  2 ,  1 ,peça,3,1,8,0,  6 ,  2 ,  1 ,  3 ,8/15/2025,8/19/2025
145734,8/21/2025,19,4591,1,2501,Cold Box Soprado,Sopradora,Silica,  1 ,  1 ,peça,6,1,160,0,  160 ,  27 ,  1 ,  38 ,8/15/2025,8/19/2025
145734,8/21/2025,19,4591,30,2926,Pep Set,Carrossel,Silica,,  1 ,Lote,1,1,160,0,  1 ,  1 ,  1 ,  1 ,8/15/2025,8/19/2025
145978,8/21/2025,19,4740,30,2926,Pep Set,Carrossel,Silica,,"  1,00 ",Lote,1,1,6,0,1,  1 ,  1 ,  1 ,8/15/2025,8/19/2025
145979,8/21/2025,19,4293,30,2926,Pep Set,Carrossel,Silica,,"  1,00 ",Lote,1,1,12,0,1,  1 ,  1 ,  1 ,8/15/2025,8/19/2025
145980,8/21/2025,19,4743,13,,Cold Box Gasado,Cold Box Pequena,Silica,"0,37","  1,00 ",peça,,0,8,0,8,  -   ,  3 ,  -   ,8/15/2025,8/19/2025
145980,8/21/2025,19,4743,30,2926,Pep Set,Carrossel,Silica,,  1 ,Lote,1,1,8,0,  1 ,  1 ,  1 ,  1 ,8/15/2025,8/19/2025
146175,8/21/2025,19,4550,30,2926,Pep Set,Carrossel,Silica,,  1 ,Lote,1,1,80,0,  1 ,  1 ,  1 ,  1 ,8/15/2025,8/19/2025
145441,8/21/2025,20,4845,2,2880,Pep Set,Carrossel,Silica,"6,5","  1,00 ",peça,1,1,32,0,32,  32 ,  1 ,  40 ,8/15/2025,8/19/2025
145441,8/21/2025,20,4845,3,2881,Pep Set,Carrossel,Silica,"6,8","  1,00 ",peça,1,1,32,0,32,  32 ,  1 ,  40 ,8/15/2025,8/19/2025
145251,8/21/2025,22,946,1,102,Pep Set,Carrossel,Silica,  9 ,  1 ,peça,1,1,16,0,  16 ,  16 ,  1 ,  20 ,8/15/2025,8/19/2025
145251,8/21/2025,22,946,6,840,Cold Box Soprado,Sopradora,Silica,  2 ,  1 ,peça,4,1,16,0,  16 ,  4 ,  1 ,  6 ,8/15/2025,8/19/2025
145251,8/21/2025,22,946,3,104,Cold Box Soprado,Sopradora,Silica,  1 ,  1 ,peça,4,1,16,0,  16 ,  4 ,  1 ,  6 ,8/15/2025,8/19/2025
145251,8/21/2025,22,946,20,2629,Cold Box Soprado,Sopradora,Silica,  2 ,  2 ,peça,3,1,16,0,  24 ,  8 ,  1 ,  11 ,8/15/2025,8/19/2025
145628,8/22/2025,1,4755,1,116,Pep Set,Chão,Silica,  13 ,  1 ,peça,1,2,20,0,  20 ,  20 ,  15 ,  300 ,8/18/2025,8/20/2025
145628,8/22/2025,1,4755,3,2514,Cold Box Soprado,Sopradora,Silica,  3 ,  1 ,peça,4,1,20,0,  20 ,  5 ,  1 ,  7 ,8/18/2025,8/20/2025
145708,8/22/2025,2,4805,3,2692,Cold Box Soprado,Sopradora,Silica,  3 ,  1 ,peça,2,1,8,0,  8 ,  4 ,  1 ,  6 ,8/18/2025,8/20/2025
145708,8/22/2025,2,4805,4,2693,Cold Box Soprado,Sopradora,Silica,  1 ,  4 ,peça,4,1,8,0,  32 ,  8 ,  1 ,  11 ,8/18/2025,8/20/2025
145708,8/22/2025,2,4805,5,2694,Pep Set,Vibrado,Silica,"76,5","  1,00 ",peça,1,2,8,0,8,  8 ,  28 ,  224 ,8/18/2025,8/20/2025
145708,8/22/2025,2,4805,6,2695,Pep Set,Carrossel,Silica,"8,47","  1,00 ",peça,1,1,8,0,8,  8 ,  1 ,  10 ,8/18/2025,8/20/2025
145708,8/22/2025,2,4805,7,2696,Pep Set,Carrossel,Silica,  8 ,  1 ,peça,1,1,8,0,  8 ,  8 ,  1 ,  10 ,8/18/2025,8/20/2025
145708,8/22/2025,2,4805,8,2697,Pep Set,Carrossel,Silica,  8 ,  1 ,peça,1,1,8,0,  8 ,  8 ,  1 ,  10 ,8/18/2025,8/20/2025
145708,8/22/2025,2,4805,9,2698,Pep Set,Carrossel,Silica,  8 ,  1 ,peça,1,1,8,0,  8 ,  8 ,  1 ,  10 ,8/18/2025,8/20/2025
145708,8/22/2025,2,4805,20,2629,Cold Box Soprado,Sopradora,Silica,  2 ,  2 ,peça,3,1,8,0,  12 ,  4 ,  1 ,  6 ,8/18/2025,8/20/2025
144269,8/22/2025,3,4835,1,2707,Cold Box Soprado,Sopradora,Silica,  4 ,  1 ,peça,4,2,40,0,  40 ,  10 ,  1 ,  14 ,8/18/2025,8/20/2025
144269,8/22/2025,3,4835,2,2708,Cold Box Soprado,Sopradora,Silica,  3 ,  1 ,peça,2,2,40,0,  40 ,  20 ,  1 ,  28 ,8/18/2025,8/20/2025
144269,8/22/2025,3,4835,3,2709,Cold Box Soprado,Sopradora,Silica,  1 ,  1 ,peça,2,2,40,0,  40 ,  20 ,  1 ,  28 ,8/18/2025,8/20/2025
145347,8/22/2025,4,4836,1,2715,Cold Box Soprado,Sopradora,Silica,  4 ,  1 ,peça,4,2,40,0,  40 ,  10 ,  1 ,  14 ,8/18/2025,8/20/2025
145347,8/22/2025,4,4836,2,2708,Cold Box Soprado,Sopradora,Silica,  3 ,  1 ,peça,2,2,40,0,  40 ,  20 ,  1 ,  28 ,8/18/2025,8/20/2025
145347,8/22/2025,4,4836,3,2709,Cold Box Soprado,Sopradora,Silica,"1,3","  1,00 ",peça,2,2,40,0,40,  20 ,  1 ,  28 ,8/18/2025,8/20/2025
145150,8/22/2025,5,4858,1,2735,Cold Box Soprado,Sopradora,Silica,  1 ,  1 ,peça,14,1,70,0,  70 ,  5 ,  1 ,  7 ,8/18/2025,8/20/2025
145150,8/22/2025,5,4858,2,2736,Cold Box Soprado,Sopradora,Silica,  0 ,  1 ,peça,9,1,70,0,  70 ,  8 ,  1 ,  11 ,8/18/2025,8/20/2025
145709,8/22/2025,6,4805,1,2690,Cold Box Gasado,Cold Box 4,Silica,  3 ,  2 ,peça,1,1,8,0,  16 ,  16 ,  3 ,  40 ,8/18/2025,8/20/2025
145709,8/22/2025,6,4805,2,2691,Cold Box Gasado,Cold Box 4,Silica,  3 ,  2 ,peça,1,1,8,0,  16 ,  16 ,  3 ,  40 ,8/18/2025,8/20/2025
145709,8/22/2025,6,4805,3,2692,Cold Box Soprado,Sopradora,Silica,  3 ,  1 ,peça,2,1,8,0,  8 ,  4 ,  1 ,  6 ,8/18/2025,8/20/2025
145709,8/22/2025,6,4805,4,2693,Cold Box Soprado,Sopradora,Silica,  1 ,  4 ,peça,4,1,8,0,  32 ,  8 ,  1 ,  11 ,8/18/2025,8/20/2025
145709,8/22/2025,6,4805,5,2694,Pep Set,Vibrado,Silica,  77 ,  1 ,peça,1,2,8,0,  8 ,  8 ,  28 ,  224 ,8/18/2025,8/20/2025
145709,8/22/2025,6,4805,6,2695,Pep Set,Carrossel,Silica,  8 ,  1 ,peça,1,1,8,0,  8 ,  8 ,  1 ,  10 ,8/18/2025,8/20/2025
145709,8/22/2025,6,4805,7,2696,Pep Set,Carrossel,Silica,"8,47","  1,00 ",peça,1,1,8,0,8,  8 ,  1 ,  10 ,8/18/2025,8/20/2025
145709,8/22/2025,6,4805,8,2697,Pep Set,Carrossel,Silica,  8 ,  1 ,peça,1,1,8,0,  8 ,  8 ,  1 ,  10 ,8/18/2025,8/20/2025
145709,8/22/2025,6,4805,9,2698,Pep Set,Carrossel,Silica,  8 ,  1 ,peça,1,1,8,0,  8 ,  8 ,  1 ,  10 ,8/18/2025,8/20/2025
145709,8/22/2025,6,4805,20,2629,Cold Box Soprado,Sopradora,Silica,"1,728","  1,50 ",peça,3,1,8,0,12,  4 ,  1 ,  6 ,8/18/2025,8/20/2025
145794,8/22/2025,7,4621,1,2562,Pep Set,Carrossel,Silica,  4 ,  2 ,peça,1,1,6,0,  12 ,  12 ,  1 ,  15 ,8/18/2025,8/20/2025
145794,8/22/2025,7,4621,2,2563,Pep Set,Carrossel,Silica,  13 ,  2 ,peça,1,1,6,0,  12 ,  12 ,  1 ,  15 ,8/18/2025,8/20/2025
145794,8/22/2025,7,4621,3,2564,Pep Set,Carrossel,Silica,  13 ,  2 ,peça,1,1,6,0,  12 ,  12 ,  1 ,  15 ,8/18/2025,8/20/2025
145794,8/22/2025,7,4621,4,2565,Pep Set,Vibrado,Silica,  68 ,  1 ,peça,1,1,6,0,  6 ,  6 ,  28 ,  168 ,8/18/2025,8/20/2025
145794,8/22/2025,7,4621,5,2566,Pep Set,Carrossel,Silica,  13 ,  2 ,peça,1,1,6,0,  12 ,  12 ,  1 ,  15 ,8/18/2025,8/20/2025
145794,8/22/2025,7,4621,6,2567,Pep Set,Carrossel,Silica,  13 ,  2 ,peça,1,1,6,0,  12 ,  12 ,  1 ,  15 ,8/18/2025,8/20/2025
145794,8/22/2025,7,4621,7,2568,Pep Set,Carrossel,Silica,  9 ,  2 ,peça,1,1,6,0,  12 ,  12 ,  1 ,  15 ,8/18/2025,8/20/2025
145794,8/22/2025,7,4621,20,2629,Cold Box Soprado,Sopradora,Silica,  2 ,  3 ,peça,3,1,6,0,  18 ,  6 ,  1 ,  9 ,8/18/2025,8/20/2025
146148,8/22/2025,8,4493,1,2492,Pep Set,Carrossel,Silica,  2 ,  1 ,peça,1,1,20,0,  20 ,  20 ,  1 ,  25 ,8/18/2025,8/20/2025
146149,8/22/2025,8,4507,1,2497,Pep Set,Carrossel,Silica,  5 ,  1 ,peça,1,1,12,0,  12 ,  12 ,  1 ,  15 ,8/18/2025,8/20/2025
146150,8/22/2025,8,4506,1,2496,Pep Set,Carrossel,Silica,  6 ,  1 ,peça,1,1,20,0,  20 ,  20 ,  1 ,  25 ,8/18/2025,8/20/2025
146263,8/22/2025,8,4518,1,2503,Pep Set,Carrossel,Silica,  2 ,  1 ,peça,1,1,16,0,  16 ,  16 ,  1 ,  20 ,8/18/2025,8/20/2025
146264,8/22/2025,8,4519,1,2502,Pep Set,Carrossel,Silica,  2 ,  1 ,peça,1,1,16,0,  16 ,  16 ,  1 ,  20 ,8/18/2025,8/20/2025
144505,8/22/2025,9,4859,1,2735,Cold Box Soprado,Sopradora,Silica,  1 ,  1 ,peça,14,1,70,0,  70 ,  5 ,  1 ,  7 ,8/18/2025,8/20/2025
144505,8/22/2025,9,4859,2,2736,Cold Box Soprado,Sopradora,Silica,  0 ,  1 ,peça,9,1,70,0,  70 ,  8 ,  1 ,  11 ,8/18/2025,8/20/2025
145481,8/22/2025,10,5170,1,2931,Pep Set,Chão,Silica,  30 ,  1 ,peça,1,1,8,0,  8 ,  8 ,  15 ,  120 ,8/18/2025,8/20/2025
145481,8/22/2025,10,5170,2,2932,Pep Set,Carrossel,Silica,  5 ,  1 ,peça,1,1,8,0,  8 ,  8 ,  1 ,  10 ,8/18/2025,8/20/2025
146642,8/22/2025,10,5171,1,2929,Pep Set,Chão,Silica,  28 ,  1 ,peça,1,1,2,0,  2 ,  2 ,  15 ,  30 ,8/18/2025,8/20/2025
146642,8/22/2025,10,5171,2,2930,Pep Set,Carrossel,Silica,,  1 ,peça,1,1,2,0,  2 ,  2 ,  1 ,  3 ,8/18/2025,8/20/2025
145752,8/22/2025,11,947,1,87,Pep Set,Carrossel,Silica,  22 ,  1 ,peça,1,2,20,0,  20 ,  20 ,  1 ,  25 ,8/18/2025,8/20/2025
145752,8/22/2025,11,947,2,88,Pep Set,Carrossel,Silica,  16 ,  1 ,peça,1,2,20,0,  20 ,  20 ,  1 ,  25 ,8/18/2025,8/20/2025
145752,8/22/2025,11,947,3,89,Pep Set,Carrossel,Silica,  9 ,  1 ,peça,1,2,20,0,  20 ,  20 ,  1 ,  25 ,8/18/2025,8/20/2025
145752,8/22/2025,11,947,4,94,Pep Set,Carrossel,Silica,  5 ,  1 ,peça,1,2,20,0,  20 ,  20 ,  1 ,  25 ,8/18/2025,8/20/2025
145511,8/22/2025,12,4822,1,2612,Cold Box Soprado,Sopradora,Silica,  0 ,  2 ,peça,6,1,12,0,  24 ,  4 ,  1 ,  6 ,8/18/2025,8/20/2025
145511,8/22/2025,12,4822,2,2574,Cold Box Soprado,Sopradora,Silica,  0 ,  2 ,peça,6,1,12,0,  24 ,  4 ,  1 ,  6 ,8/18/2025,8/20/2025
145994,8/21/2025,12,1727,1,2875,Pep Set,Chão,Cromita,  6 ,  1 ,peça,1,1,2,0,  2 ,  2 ,  15 ,  30 ,8/19/2025,8/20/2025
146153,8/22/2025,13,551,22,2906,Cold Box Gasado,Cold Box Pequena,Silica,  8 ,  1 ,Molde,2,1,266,0,  19 ,  10 ,  3 ,  24 ,8/18/2025,8/20/2025
146203,8/22/2025,13,5065,1,2870,Cold Box Gasado,Cold Box Pequena,Silica,  3 ,  1 ,peça,1,1,20,0,  20 ,  20 ,  3 ,  50 ,8/18/2025,8/20/2025
146203,8/22/2025,13,5065,2,2871,Cold Box Gasado,Cold Box Pequena,Silica,  0 ,  1 ,peça,1,1,20,0,  20 ,  20 ,  3 ,  50 ,8/18/2025,8/20/2025
145252,8/22/2025,14,946,1,102,Pep Set,Carrossel,Silica,  9 ,  1 ,peça,1,1,16,0,  16 ,  16 ,  1 ,  20 ,8/18/2025,8/20/2025
145252,8/22/2025,14,946,6,840,Cold Box Soprado,Sopradora,Silica,  2 ,  1 ,peça,4,1,16,0,  16 ,  4 ,  1 ,  6 ,8/18/2025,8/20/2025
145252,8/22/2025,14,946,3,104,Cold Box Soprado,Sopradora,Silica,  1 ,  1 ,peça,4,1,16,0,  16 ,  4 ,  1 ,  6 ,8/18/2025,8/20/2025
145252,8/22/2025,14,946,20,2629,Cold Box Soprado,Sopradora,Silica,  2 ,  2 ,peça,3,1,16,0,  24 ,  8 ,  1 ,  11 ,8/18/2025,8/20/2025
145480,8/21/2025,15,5170,3,2933,Pep Set,Chão,Cromita,  6 ,  1 ,peça,1,1,8,0,  8 ,  8 ,  15 ,  120 ,8/19/2025,8/20/2025
145633,8/22/2025,15,4689,1,113,Cold Box Gasado,Cold Box 4,Silica,21,"  1,00 ",peça,1,1,8,0,8,  8 ,  3 ,  20 ,8/18/2025,8/20/2025
145633,8/22/2025,15,4689,2,114,Pep Set,Carrossel,Silica,"2,665","  1,00 ",peça,2,1,8,0,8,  4 ,  1 ,  5 ,8/18/2025,8/20/2025
145633,8/22/2025,15,4689,20,2629,Cold Box Soprado,Sopradora,Silica,"1,728","  0,75 ",peça,3,1,8,0,6,  2 ,  1 ,  3 ,8/18/2025,8/20/2025
145652,8/22/2025,15,4690,1,113,Cold Box Gasado,Cold Box 4,Silica,  21 ,  1 ,peça,1,1,8,0,  8 ,  8 ,  3 ,  20 ,8/18/2025,8/20/2025
145652,8/22/2025,15,4690,2,114,Pep Set,Carrossel,Silica,  3 ,  1 ,peça,2,1,8,0,  8 ,  4 ,  1 ,  5 ,8/18/2025,8/20/2025
145652,8/22/2025,15,4690,20,2629,Cold Box Soprado,Sopradora,Silica,  2 ,  1 ,peça,3,1,8,0,  6 ,  2 ,  1 ,  3 ,8/18/2025,8/20/2025
145279,8/22/2025,17,944,1,99,Pep Set,Carrossel,Silica,  9 ,  1 ,peça,1,1,16,0,  16 ,  16 ,  1 ,  20 ,8/18/2025,8/20/2025
145279,8/22/2025,17,944,6,840,Cold Box Soprado,Sopradora,Silica,  2 ,  1 ,peça,4,1,16,0,  16 ,  4 ,  1 ,  6 ,8/18/2025,8/20/2025
145279,8/22/2025,17,944,3,101,Cold Box Soprado,Sopradora,Silica,  1 ,  1 ,peça,4,1,16,0,  16 ,  4 ,  1 ,  6 ,8/18/2025,8/20/2025
145279,8/22/2025,17,944,20,2629,Cold Box Soprado,Sopradora,Silica,  2 ,  2 ,peça,3,1,16,0,  24 ,  8 ,  1 ,  11 ,8/18/2025,8/20/2025
145634,8/22/2025,18,4689,1,113,Cold Box Gasado,Cold Box 4,Silica,  21 ,  1 ,peça,1,1,8,0,  8 ,  8 ,  3 ,  20 ,8/18/2025,8/20/2025
145634,8/22/2025,18,4689,2,114,Pep Set,Carrossel,Silica,  3 ,  1 ,peça,2,1,8,0,  8 ,  4 ,  1 ,  5 ,8/18/2025,8/20/2025
145634,8/22/2025,18,4689,20,2629,Cold Box Soprado,Sopradora,Silica,  2 ,  1 ,peça,3,1,8,0,  6 ,  2 ,  1 ,  3 ,8/18/2025,8/20/2025
145653,8/22/2025,18,4690,1,113,Cold Box Gasado,Cold Box 4,Silica,  21 ,  1 ,peça,1,1,8,0,  8 ,  8 ,  3 ,  20 ,8/18/2025,8/20/2025
145653,8/22/2025,18,4690,2,114,Pep Set,Carrossel,Silica,"2,665","  1,00 ",peça,2,1,8,0,8,  4 ,  1 ,  5 ,8/18/2025,8/20/2025
145653,8/22/2025,18,4690,20,2629,Cold Box Soprado,Sopradora,Silica,"1,728","  0,75 ",peça,3,1,8,0,6,  2 ,  1 ,  3 ,8/18/2025,8/20/2025
145635,8/22/2025,19,4689,1,113,Cold Box Gasado,Cold Box 4,Silica,  21 ,  1 ,peça,1,1,8,0,  8 ,  8 ,  3 ,  20 ,8/18/2025,8/20/2025
145635,8/22/2025,19,4689,2,114,Pep Set,Carrossel,Silica,  3 ,  1 ,peça,2,1,8,0,  8 ,  4 ,  1 ,  5 ,8/18/2025,8/20/2025
145635,8/22/2025,19,4689,3,115,Cold Box Gasado,Cold Box Pequena,Silica,  3 ,  1 ,peça,1,1,8,0,  8 ,  8 ,  3 ,  20 ,8/18/2025,8/20/2025
145635,8/22/2025,19,4689,20,2629,Cold Box Soprado,Sopradora,Silica,  2 ,  1 ,peça,3,1,8,0,  6 ,  2 ,  1 ,  3 ,8/18/2025,8/20/2025
145654,8/22/2025,19,4690,1,113,Cold Box Gasado,Cold Box 4,Silica,  21 ,  1 ,peça,1,1,8,0,  8 ,  8 ,  3 ,  20 ,8/18/2025,8/20/2025
145654,8/22/2025,19,4690,2,114,Pep Set,Carrossel,Silica,  3 ,  1 ,peça,2,1,8,0,  8 ,  4 ,  1 ,  5 ,8/18/2025,8/20/2025
145654,8/22/2025,19,4690,3,98,Cold Box Gasado,Cold Box Pequena,Silica,  3 ,  1 ,peça,1,1,8,0,  8 ,  8 ,  3 ,  20 ,8/18/2025,8/20/2025
145654,8/22/2025,19,4690,20,2629,Cold Box Soprado,Sopradora,Silica,  2 ,  1 ,peça,3,1,8,0,  6 ,  2 ,  1 ,  3 ,8/18/2025,8/20/2025
146078,8/22/2025,20,4292,1,1755,Cold Box Soprado,Sopradora,Silica,12,"  1,00 ",peça,1,1,72,0,72,  72 ,  1 ,  102 ,8/18/2025,8/20/2025
146078,8/22/2025,20,4292,30,2926,Pep Set,Carrossel,Silica,,"  1,00 ",Lote,1,1,72,0,1,  1 ,  1 ,  1 ,8/18/2025,8/20/2025
145813,8/22/2025,21,4758,1,2667,Pep Set,Carrossel,Silica,24,"  1,00 ",peça,1,1,14,0,14,  14 ,  1 ,  18 ,8/18/2025,8/20/2025
145813,8/22/2025,21,4758,2,2668,Pep Set,Carrossel,Silica,  32 ,  1 ,peça,1,1,14,0,  14 ,  14 ,  1 ,  18 ,8/18/2025,8/20/2025
145813,8/22/2025,21,4758,3,2669,Pep Set,Carrossel,Silica,  23 ,  1 ,peça,1,1,14,0,  14 ,  14 ,  1 ,  18 ,8/18/2025,8/20/2025
145813,8/22/2025,21,4758,4,2670,Pep Set,Carrossel,Silica,  11 ,  1 ,peça,1,1,14,0,  14 ,  14 ,  1 ,  18 ,8/18/2025,8/20/2025
145813,8/22/2025,21,4758,5,2671,Pep Set,Carrossel,Silica,  10 ,  1 ,peça,1,1,14,0,  14 ,  14 ,  1 ,  18 ,8/18/2025,8/20/2025
145813,8/22/2025,21,4758,6,2672,Pep Set,Carrossel,Silica,  10 ,  1 ,peça,1,1,14,0,  14 ,  14 ,  1 ,  18 ,8/18/2025,8/20/2025
145813,8/22/2025,21,4758,7,2673,Pep Set,Carrossel,Silica,  4 ,  1 ,peça,1,1,14,0,  14 ,  14 ,  1 ,  18 ,8/18/2025,8/20/2025
145813,8/22/2025,21,4758,20,2629,Cold Box Soprado,Sopradora,Silica,  2 ,  2 ,peça,3,1,14,0,  21 ,  7 ,  1 ,  10 ,8/18/2025,8/20/2025
144270,8/25/2025,1,4835,1,2707,Cold Box Soprado,Sopradora,Silica,  4 ,  1 ,peça,4,2,40,0,  40 ,  10 ,  1 ,  14 ,8/19/2025,8/21/2025
144270,8/25/2025,1,4835,2,2708,Cold Box Soprado,Sopradora,Silica,  3 ,  1 ,peça,2,2,40,0,  40 ,  20 ,  1 ,  28 ,8/19/2025,8/21/2025
144270,8/25/2025,1,4835,3,2709,Cold Box Soprado,Sopradora,Silica,  1 ,  1 ,peça,2,2,40,0,  40 ,  20 ,  1 ,  28 ,8/19/2025,8/21/2025
145392,8/25/2025,2,4836,1,2715,Cold Box Soprado,Sopradora,Silica,"3,6","  1,00 ",peça,4,2,40,0,40,  10 ,  1 ,  14 ,8/19/2025,8/21/2025
145392,8/25/2025,2,4836,2,2708,Cold Box Soprado,Sopradora,Silica,3,"  1,00 ",peça,2,2,40,0,40,  20 ,  1 ,  28 ,8/19/2025,8/21/2025
145392,8/25/2025,2,4836,3,2709,Cold Box Soprado,Sopradora,Silica,"1,3","  1,00 ",peça,2,2,40,0,40,  20 ,  1 ,  28 ,8/19/2025,8/21/2025
145151,8/25/2025,3,4858,1,2735,Cold Box Soprado,Sopradora,Silica,  1 ,  1 ,peça,14,1,70,0,  70 ,  5 ,  1 ,  7 ,8/19/2025,8/21/2025
145151,8/25/2025,3,4858,2,2736,Cold Box Soprado,Sopradora,Silica,"0,403","  1,00 ",peça,9,1,70,0,70,  8 ,  1 ,  11 ,8/19/2025,8/21/2025
145636,8/25/2025,4,4689,1,113,Cold Box Gasado,Cold Box 4,Silica,  21 ,  1 ,peça,1,1,8,0,  8 ,  8 ,  3 ,  20 ,8/19/2025,8/21/2025
145636,8/25/2025,4,4689,2,114,Pep Set,Carrossel,Silica,  3 ,  1 ,peça,2,1,8,0,  8 ,  4 ,  1 ,  5 ,8/19/2025,8/21/2025
145636,8/25/2025,4,4689,3,115,Cold Box Gasado,Cold Box Pequena,Silica,  3 ,  1 ,peça,1,1,8,0,  8 ,  8 ,  3 ,  20 ,8/19/2025,8/21/2025
145636,8/25/2025,4,4689,20,2629,Cold Box Soprado,Sopradora,Silica,  2 ,  1 ,peça,3,1,8,0,  6 ,  2 ,  1 ,  3 ,8/19/2025,8/21/2025
145655,8/25/2025,4,4690,1,113,Cold Box Gasado,Cold Box 4,Silica,  21 ,  1 ,peça,1,1,8,0,  8 ,  8 ,  3 ,  20 ,8/19/2025,8/21/2025
145655,8/25/2025,4,4690,2,114,Pep Set,Carrossel,Silica,"2,665","  1,00 ",peça,2,1,8,0,8,  4 ,  1 ,  5 ,8/19/2025,8/21/2025
145655,8/25/2025,4,4690,3,98,Cold Box Gasado,Cold Box Pequena,Silica,"3,025","  1,00 ",peça,1,1,8,0,8,  8 ,  3 ,  20 ,8/19/2025,8/21/2025
145655,8/25/2025,4,4690,20,2629,Cold Box Soprado,Sopradora,Silica,"1,728","  0,75 ",peça,3,1,8,0,6,  2 ,  1 ,  3 ,8/19/2025,8/21/2025
145637,8/25/2025,5,4689,1,113,Cold Box Gasado,Cold Box 4,Silica,  21 ,  1 ,peça,1,1,8,0,  8 ,  8 ,  3 ,  20 ,8/19/2025,8/21/2025
145637,8/25/2025,5,4689,2,114,Pep Set,Carrossel,Silica,  3 ,  1 ,peça,2,1,8,0,  8 ,  4 ,  1 ,  5 ,8/19/2025,8/21/2025
145637,8/25/2025,5,4689,3,115,Cold Box Gasado,Cold Box Pequena,Silica,  3 ,  1 ,peça,1,1,8,0,  8 ,  8 ,  3 ,  20 ,8/19/2025,8/21/2025
145637,8/25/2025,5,4689,4,386,Cold Box Soprado,Sopradora,Silica,"0,625","  1,00 ",peça,4,1,8,0,8,  2 ,  1 ,  3 ,8/19/2025,8/21/2025
145637,8/25/2025,5,4689,20,2629,Cold Box Soprado,Sopradora,Silica,"1,728","  0,75 ",peça,3,1,8,0,6,  2 ,  1 ,  3 ,8/19/2025,8/21/2025
145656,8/25/2025,5,4690,1,113,Cold Box Gasado,Cold Box 4,Silica,  21 ,  1 ,peça,1,1,8,0,  8 ,  8 ,  3 ,  20 ,8/19/2025,8/21/2025
145656,8/25/2025,5,4690,2,114,Pep Set,Carrossel,Silica,  3 ,  1 ,peça,2,1,8,0,  8 ,  4 ,  1 ,  5 ,8/19/2025,8/21/2025
145656,8/25/2025,5,4690,3,98,Cold Box Gasado,Cold Box Pequena,Silica,"3,025","  1,00 ",peça,1,1,8,0,8,  8 ,  3 ,  20 ,8/19/2025,8/21/2025
145656,8/25/2025,5,4690,4,385,Cold Box Soprado,Sopradora,Silica,"0,625","  1,00 ",peça,4,1,8,0,8,  2 ,  1 ,  3 ,8/19/2025,8/21/2025
145656,8/25/2025,5,4690,20,2629,Cold Box Soprado,Sopradora,Silica,"1,728","  0,75 ",peça,3,1,8,0,6,  2 ,  1 ,  3 ,8/19/2025,8/21/2025
145638,8/25/2025,6,4689,1,113,Cold Box Gasado,Cold Box 4,Silica,  21 ,  1 ,peça,1,1,8,0,  8 ,  8 ,  3 ,  20 ,8/19/2025,8/21/2025
145638,8/25/2025,6,4689,2,114,Pep Set,Carrossel,Silica,  3 ,  1 ,peça,2,1,8,0,  8 ,  4 ,  1 ,  5 ,8/19/2025,8/21/2025
145638,8/25/2025,6,4689,3,115,Cold Box Gasado,Cold Box Pequena,Silica,  3 ,  1 ,peça,1,1,8,0,  8 ,  8 ,  3 ,  20 ,8/19/2025,8/21/2025
145638,8/25/2025,6,4689,4,386,Cold Box Soprado,Sopradora,Silica,  1 ,  1 ,peça,4,1,8,0,  8 ,  2 ,  1 ,  3 ,8/19/2025,8/21/2025
145638,8/25/2025,6,4689,20,2629,Cold Box Soprado,Sopradora,Silica,  2 ,  1 ,peça,3,1,8,0,  6 ,  2 ,  1 ,  3 ,8/19/2025,8/21/2025
145657,8/25/2025,6,4690,1,113,Cold Box Gasado,Cold Box 4,Silica,21,"  1,00 ",peça,1,1,8,0,8,  8 ,  3 ,  20 ,8/19/2025,8/21/2025
145657,8/25/2025,6,4690,2,114,Pep Set,Carrossel,Silica,  3 ,  1 ,peça,2,1,8,0,  8 ,  4 ,  1 ,  5 ,8/19/2025,8/21/2025
145657,8/25/2025,6,4690,3,98,Cold Box Gasado,Cold Box Pequena,Silica,  3 ,  1 ,peça,1,1,8,0,  8 ,  8 ,  3 ,  20 ,8/19/2025,8/21/2025
145657,8/25/2025,6,4690,4,385,Cold Box Soprado,Sopradora,Silica,  1 ,  1 ,peça,4,1,8,0,  8 ,  2 ,  1 ,  3 ,8/19/2025,8/21/2025
145657,8/25/2025,6,4690,20,2629,Cold Box Soprado,Sopradora,Silica,  2 ,  1 ,peça,3,1,8,0,  6 ,  2 ,  1 ,  3 ,8/19/2025,8/21/2025
145710,8/25/2025,7,4805,1,2690,Cold Box Gasado,Cold Box 4,Silica,"3,294","  2,00 ",peça,1,1,8,0,16,  16 ,  3 ,  40 ,8/19/2025,8/21/2025
145710,8/25/2025,7,4805,2,2691,Cold Box Gasado,Cold Box 4,Silica,"3,294","  2,00 ",peça,1,1,8,0,16,  16 ,  3 ,  40 ,8/19/2025,8/21/2025
145710,8/25/2025,7,4805,3,2692,Cold Box Soprado,Sopradora,Silica,3,"  1,00 ",peça,2,1,8,0,8,  4 ,  1 ,  6 ,8/19/2025,8/21/2025
145710,8/25/2025,7,4805,4,2693,Cold Box Soprado,Sopradora,Silica,  1 ,  4 ,peça,4,1,8,0,  32 ,  8 ,  1 ,  11 ,8/19/2025,8/21/2025
145710,8/25/2025,7,4805,5,2694,Pep Set,Vibrado,Silica,  77 ,  1 ,peça,1,2,8,0,  8 ,  8 ,  28 ,  224 ,8/19/2025,8/21/2025
145710,8/25/2025,7,4805,6,2695,Pep Set,Carrossel,Silica,  8 ,  1 ,peça,1,1,8,0,  8 ,  8 ,  1 ,  10 ,8/19/2025,8/21/2025
145710,8/25/2025,7,4805,7,2696,Pep Set,Carrossel,Silica,  8 ,  1 ,peça,1,1,8,0,  8 ,  8 ,  1 ,  10 ,8/19/2025,8/21/2025
145710,8/25/2025,7,4805,8,2697,Pep Set,Carrossel,Silica,  8 ,  1 ,peça,1,1,8,0,  8 ,  8 ,  1 ,  10 ,8/19/2025,8/21/2025
145710,8/25/2025,7,4805,9,2698,Pep Set,Carrossel,Silica,"7,68","  1,00 ",peça,1,1,8,0,8,  8 ,  1 ,  10 ,8/19/2025,8/21/2025
145710,8/25/2025,7,4805,20,2629,Cold Box Soprado,Sopradora,Silica,"1,728","  1,50 ",peça,3,1,8,0,12,  4 ,  1 ,  6 ,8/19/2025,8/21/2025
145711,8/25/2025,8,4805,1,2690,Cold Box Gasado,Cold Box 4,Silica,  3 ,  2 ,peça,1,1,8,0,  16 ,  16 ,  3 ,  40 ,8/19/2025,8/21/2025
145711,8/25/2025,8,4805,2,2691,Cold Box Gasado,Cold Box 4,Silica,  3 ,  2 ,peça,1,1,8,0,  16 ,  16 ,  3 ,  40 ,8/19/2025,8/21/2025
145711,8/25/2025,8,4805,3,2692,Cold Box Soprado,Sopradora,Silica,  3 ,  1 ,peça,2,1,8,0,  8 ,  4 ,  1 ,  6 ,8/19/2025,8/21/2025
145711,8/25/2025,8,4805,4,2693,Cold Box Soprado,Sopradora,Silica,  1 ,  4 ,peça,4,1,8,0,  32 ,  8 ,  1 ,  11 ,8/19/2025,8/21/2025
145711,8/25/2025,8,4805,5,2694,Pep Set,Vibrado,Silica,  77 ,  1 ,peça,1,2,8,0,  8 ,  8 ,  28 ,  224 ,8/19/2025,8/21/2025
145711,8/25/2025,8,4805,6,2695,Pep Set,Carrossel,Silica,  8 ,  1 ,peça,1,1,8,0,  8 ,  8 ,  1 ,  10 ,8/19/2025,8/21/2025
145711,8/25/2025,8,4805,7,2696,Pep Set,Carrossel,Silica,  8 ,  1 ,peça,1,1,8,0,  8 ,  8 ,  1 ,  10 ,8/19/2025,8/21/2025
145711,8/25/2025,8,4805,8,2697,Pep Set,Carrossel,Silica,  8 ,  1 ,peça,1,1,8,0,  8 ,  8 ,  1 ,  10 ,8/19/2025,8/21/2025
145711,8/25/2025,8,4805,9,2698,Pep Set,Carrossel,Silica,  8 ,  1 ,peça,1,1,8,0,  8 ,  8 ,  1 ,  10 ,8/19/2025,8/21/2025
145711,8/25/2025,8,4805,20,2629,Cold Box Soprado,Sopradora,Silica,  2 ,  2 ,peça,3,1,8,0,  12 ,  4 ,  1 ,  6 ,8/19/2025,8/21/2025
145629,8/25/2025,9,4755,1,116,Pep Set,Chão,Silica,"12,5","  1,00 ",peça,1,2,20,0,20,  20 ,  15 ,  300 ,8/19/2025,8/21/2025
145629,8/25/2025,9,4755,2,117,Cold Box Soprado,Sopradora,Silica,"6,4","  1,00 ",peça,2,1,20,0,20,  10 ,  1 ,  14 ,8/19/2025,8/21/2025
145629,8/25/2025,9,4755,3,2514,Cold Box Soprado,Sopradora,Silica,"3,46","  1,00 ",peça,4,1,20,0,20,  5 ,  1 ,  7 ,8/19/2025,8/21/2025
145253,8/25/2025,10,946,1,102,Pep Set,Carrossel,Silica,  9 ,  1 ,peça,1,1,16,0,  16 ,  16 ,  1 ,  20 ,8/19/2025,8/21/2025
145253,8/25/2025,10,946,6,840,Cold Box Soprado,Sopradora,Silica,  2 ,  1 ,peça,4,1,16,0,  16 ,  4 ,  1 ,  6 ,8/19/2025,8/21/2025
145253,8/25/2025,10,946,3,104,Cold Box Soprado,Sopradora,Silica,  1 ,  1 ,peça,4,1,16,0,  16 ,  4 ,  1 ,  6 ,8/19/2025,8/21/2025
145253,8/25/2025,10,946,20,2629,Cold Box Soprado,Sopradora,Silica,  2 ,  2 ,peça,3,1,16,0,  24 ,  8 ,  1 ,  11 ,8/19/2025,8/21/2025
145481,8/22/2025,10,5170,3,2933,Pep Set,Chão,Cromita,"6,4","  1,00 ",peça,1,1,8,0,8,  8 ,  15 ,  120 ,8/20/2025,8/21/2025
145753,8/25/2025,11,947,1,87,Pep Set,Carrossel,Silica,  22 ,  1 ,peça,1,2,20,0,  20 ,  20 ,  1 ,  25 ,8/19/2025,8/21/2025
145753,8/25/2025,11,947,2,88,Pep Set,Carrossel,Silica,  16 ,  1 ,peça,1,2,20,0,  20 ,  20 ,  1 ,  25 ,8/19/2025,8/21/2025
145753,8/25/2025,11,947,3,89,Pep Set,Carrossel,Silica,  9 ,  1 ,peça,1,2,20,0,  20 ,  20 ,  1 ,  25 ,8/19/2025,8/21/2025
145753,8/25/2025,11,947,4,94,Pep Set,Carrossel,Silica,  5 ,  1 ,peça,1,2,20,0,  20 ,  20 ,  1 ,  25 ,8/19/2025,8/21/2025
145280,8/25/2025,12,944,1,99,Pep Set,Carrossel,Silica,  9 ,  1 ,peça,1,1,16,0,  16 ,  16 ,  1 ,  20 ,8/19/2025,8/21/2025
145280,8/25/2025,12,944,6,840,Cold Box Soprado,Sopradora,Silica,  2 ,  1 ,peça,4,1,16,0,  16 ,  4 ,  1 ,  6 ,8/19/2025,8/21/2025
145280,8/25/2025,12,944,3,101,Cold Box Soprado,Sopradora,Silica,"1,16","  1,00 ",peça,4,1,16,0,16,  4 ,  1 ,  6 ,8/19/2025,8/21/2025
145280,8/25/2025,12,944,20,2629,Cold Box Soprado,Sopradora,Silica,"1,728","  1,50 ",peça,3,1,16,0,24,  8 ,  1 ,  11 ,8/19/2025,8/21/2025
145758,8/25/2025,13,945,1,90,Pep Set,Carrossel,Silica,  22 ,  1 ,peça,1,2,20,0,  20 ,  20 ,  1 ,  25 ,8/19/2025,8/21/2025
145758,8/25/2025,13,945,2,91,Pep Set,Carrossel,Silica,  16 ,  1 ,peça,1,2,20,0,  20 ,  20 ,  1 ,  25 ,8/19/2025,8/21/2025
145758,8/25/2025,13,945,3,92,Pep Set,Carrossel,Silica,  9 ,  1 ,peça,1,2,20,0,  20 ,  20 ,  1 ,  25 ,8/19/2025,8/21/2025
145758,8/25/2025,13,945,4,93,Pep Set,Carrossel,Silica,  5 ,  1 ,peça,1,2,20,0,  20 ,  20 ,  1 ,  25 ,8/19/2025,8/21/2025
145769,8/25/2025,14,4054,1,828,Pep Set,Chão,Silica,  20 ,  1 ,peça,1,2,12,0,  12 ,  12 ,  15 ,  180 ,8/19/2025,8/21/2025
145769,8/25/2025,14,4054,2,829,Pep Set,Carrossel,Silica,  27 ,  1 ,peça,1,1,12,0,  12 ,  12 ,  1 ,  15 ,8/19/2025,8/21/2025
145769,8/25/2025,14,4054,3,830,Pep Set,Carrossel,Silica,  6 ,  1 ,peça,1,1,12,0,  12 ,  12 ,  1 ,  15 ,8/19/2025,8/21/2025
145769,8/25/2025,14,4054,4,831,Pep Set,Carrossel,Silica,  6 ,  1 ,peça,1,1,12,0,  12 ,  12 ,  1 ,  15 ,8/19/2025,8/21/2025
145769,8/25/2025,14,4054,5,839,Pep Set,Carrossel,Silica,  1 ,  1 ,peça,1,2,12,0,  12 ,  12 ,  1 ,  15 ,8/19/2025,8/21/2025
145769,8/25/2025,14,4054,6,840,Cold Box Soprado,Sopradora,Silica,"1,56","  1,00 ",peça,4,1,12,0,12,  3 ,  1 ,  4 ,8/19/2025,8/21/2025
145769,8/25/2025,14,4054,7,834,Cold Box Soprado,Sopradora,Silica,  1 ,  1 ,peça,4,1,12,0,  12 ,  3 ,  1 ,  4 ,8/19/2025,8/21/2025
145783,8/25/2025,15,4073,1,835,Pep Set,Chão,Silica,  20 ,  1 ,peça,1,2,12,0,  12 ,  12 ,  15 ,  180 ,8/19/2025,8/21/2025
145783,8/25/2025,15,4073,2,836,Pep Set,Carrossel,Silica,  27 ,  1 ,peça,1,1,12,0,  12 ,  12 ,  1 ,  15 ,8/19/2025,8/21/2025
145783,8/25/2025,15,4073,3,837,Pep Set,Carrossel,Silica,  6 ,  1 ,peça,1,1,12,0,  12 ,  12 ,  1 ,  15 ,8/19/2025,8/21/2025
145783,8/25/2025,15,4073,4,838,Pep Set,Carrossel,Silica,"6,1","  1,00 ",peça,1,1,12,0,12,  12 ,  1 ,  15 ,8/19/2025,8/21/2025
145783,8/25/2025,15,4073,5,839,Pep Set,Carrossel,Silica,"1,45","  1,00 ",peça,1,2,12,0,12,  12 ,  1 ,  15 ,8/19/2025,8/21/2025
145783,8/25/2025,15,4073,6,840,Cold Box Soprado,Sopradora,Silica,  2 ,  1 ,peça,4,1,12,0,  12 ,  3 ,  1 ,  4 ,8/19/2025,8/21/2025
145783,8/25/2025,15,4073,7,841,Cold Box Soprado,Sopradora,Silica,  1 ,  1 ,peça,4,1,12,0,  12 ,  3 ,  1 ,  4 ,8/19/2025,8/21/2025
145795,8/25/2025,16,4621,1,2562,Pep Set,Carrossel,Silica,  4 ,  2 ,peça,1,1,6,0,  12 ,  12 ,  1 ,  15 ,8/19/2025,8/21/2025
145795,8/25/2025,16,4621,2,2563,Pep Set,Carrossel,Silica,  13 ,  2 ,peça,1,1,6,0,  12 ,  12 ,  1 ,  15 ,8/19/2025,8/21/2025
145795,8/25/2025,16,4621,3,2564,Pep Set,Carrossel,Silica,"12,9","  2,00 ",peça,1,1,6,0,12,  12 ,  1 ,  15 ,8/19/2025,8/21/2025
145795,8/25/2025,16,4621,4,2565,Pep Set,Vibrado,Silica,"67,7","  1,00 ",peça,1,1,6,0,6,  6 ,  28 ,  168 ,8/19/2025,8/21/2025
145795,8/25/2025,16,4621,5,2566,Pep Set,Carrossel,Silica,"12,8","  2,00 ",peça,1,1,6,0,12,  12 ,  1 ,  15 ,8/19/2025,8/21/2025
145795,8/25/2025,16,4621,6,2567,Pep Set,Carrossel,Silica,"12,8","  2,00 ",peça,1,1,6,0,12,  12 ,  1 ,  15 ,8/19/2025,8/21/2025
145795,8/25/2025,16,4621,7,2568,Pep Set,Carrossel,Silica,"8,9","  2,00 ",peça,1,1,6,0,12,  12 ,  1 ,  15 ,8/19/2025,8/21/2025
145795,8/25/2025,16,4621,20,2629,Cold Box Soprado,Sopradora,Silica,"1,728","  3,00 ",peça,3,1,6,0,18,  6 ,  1 ,  9 ,8/19/2025,8/21/2025
145957,8/25/2025,17,1008,1,668,Pep Set,Chão,Silica,  56 ,  1 ,peça,1,1,6,0,  6 ,  6 ,  15 ,  90 ,8/19/2025,8/21/2025
145957,8/25/2025,17,1008,2,669,Pep Set,Carrossel,Silica,"61,5","  1,00 ",peça,1,1,6,0,6,  6 ,  1 ,  8 ,8/19/2025,8/21/2025
145957,8/25/2025,17,1008,3,670,Pep Set,Carrossel,Silica,  61 ,  1 ,peça,1,1,6,0,  6 ,  6 ,  1 ,  8 ,8/19/2025,8/21/2025
145526,8/25/2025,18,4436,1,317,Cold Box Gasado,Cold Box Pequena,Silica,  0 ,  1 ,peça,1,1,56,0,  56 ,  56 ,  3 ,  140 ,8/19/2025,8/21/2025
145526,8/25/2025,18,4436,30,2926,Pep Set,Carrossel,Silica,,  1 ,Lote,1,1,56,0,  1 ,  1 ,  1 ,  1 ,8/19/2025,8/21/2025
146131,8/25/2025,19,3965,1,2111,Cold Box Gasado,Cold Box Pequena,Silica,  0 ,  2 ,peça,2,1,24,0,  48 ,  24 ,  3 ,  60 ,8/19/2025,8/21/2025
146131,8/25/2025,19,3965,23,2907,Cold Box Gasado,Cold Box Pequena,Silica,  10 ,  1 ,Molde,2,1,24,0,  3 ,  2 ,  3 ,  4 ,8/19/2025,8/21/2025
146171,8/25/2025,19,4426,22,2906,Cold Box Gasado,Cold Box Pequena,Silica,  8 ,  1 ,Molde,2,1,48,0,  4 ,  2 ,  3 ,  5 ,8/19/2025,8/21/2025
146201,8/25/2025,19,4879,1,2776,Cold Box Gasado,Cold Box Pequena,Silica,,"  1,00 ",peça,3,1,112,0,112,  37 ,  3 ,  93 ,8/19/2025,8/21/2025
146201,8/25/2025,19,4879,21,2905,Cold Box Gasado,Cold Box Pequena,Silica,"5,13","  1,00 ",Molde,2,1,112,0,7,  4 ,  3 ,  9 ,8/19/2025,8/21/2025
146202,8/25/2025,19,4878,1,2785,Cold Box Gasado,Cold Box Pequena,Silica,  4 ,  1 ,peça,1,1,12,0,  12 ,  12 ,  3 ,  30 ,8/19/2025,8/21/2025
146202,8/25/2025,19,4878,25,2921,Cold Box Gasado,Cold Box Pequena,Silica,  8 ,  1 ,Molde,2,1,12,0,  1 ,  1 ,  3 ,  1 ,8/19/2025,8/21/2025
146273,8/25/2025,19,4681,24,2908,Cold Box Gasado,Cold Box Pequena,Silica,"9,58","  1,00 ",Molde,2,1,15,0,1,  1 ,  3 ,  1 ,8/19/2025,8/21/2025
146602,8/25/2025,19,1793,22,2906,Cold Box Gasado,Cold Box Pequena,Silica,  8 ,  1 ,Molde,2,1,56,0,  4 ,  2 ,  3 ,  5 ,8/19/2025,8/21/2025
145510,8/25/2025,20,4823,1,2575,Cold Box Soprado,Sopradora,Silica,  1 ,  2 ,peça,2,1,10,0,  20 ,  10 ,  1 ,  14 ,8/19/2025,8/21/2025
145510,8/25/2025,20,4823,2,2576,Cold Box Soprado,Sopradora,Silica,  1 ,  1 ,peça,1,1,10,0,  10 ,  10 ,  1 ,  14 ,8/19/2025,8/21/2025
145510,8/25/2025,20,4823,3,2577,Cold Box Soprado,Sopradora,Silica,"1,148","  2,00 ",peça,4,1,10,0,20,  5 ,  1 ,  7 ,8/19/2025,8/21/2025
145442,8/25/2025,21,4845,1,2879,Cold Box Gasado,Cold Box 4,Silica,  8 ,  1 ,peça,1,1,32,0,  32 ,  32 ,  3 ,  80 ,8/19/2025,8/21/2025
145442,8/25/2025,21,4845,2,2880,Pep Set,Carrossel,Silica,  7 ,  1 ,peça,1,1,32,0,  32 ,  32 ,  1 ,  40 ,8/19/2025,8/21/2025
145442,8/25/2025,21,4845,3,2881,Pep Set,Carrossel,Silica,  7 ,  1 ,peça,1,1,32,0,  32 ,  32 ,  1 ,  40 ,8/19/2025,8/21/2025
144814,8/25/2025,,5185,1,2946,Pep Set,Carrossel,Silica,,  1 ,Peça,1,1,12,0,  12 ,  12 ,  1 ,  15 ,8/19/2025,8/21/2025
144814,8/25/2025,,5185,25,2921,Cold Box Gasado,Cold box pequena,Silica,  8 ,  1 ,Molde,2,1,12,0,  1 ,  1 ,  3 ,  1 ,8/19/2025,8/21/2025
145424,8/25/2025,,2673,23,2907,Cold Box Gasado,Cold Box Pequena,Silica,"10,4","  1,00 ",Molde,2,1,190,0,19,  10 ,  3 ,  24 ,8/19/2025,8/21/2025
144271,8/26/2025,1,4835,1,2707,Cold Box Soprado,Sopradora,Silica,  4 ,  1 ,peça,4,2,40,0,  40 ,  10 ,  1 ,  14 ,8/20/2025,8/22/2025
144271,8/26/2025,1,4835,2,2708,Cold Box Soprado,Sopradora,Silica,  3 ,  1 ,peça,2,2,40,0,  40 ,  20 ,  1 ,  28 ,8/20/2025,8/22/2025
144271,8/26/2025,1,4835,3,2709,Cold Box Soprado,Sopradora,Silica,"1,3","  1,00 ",peça,2,2,40,0,40,  20 ,  1 ,  28 ,8/20/2025,8/22/2025
145456,8/26/2025,2,4836,1,2715,Cold Box Soprado,Sopradora,Silica,  4 ,  1 ,peça,4,2,40,0,  40 ,  10 ,  1 ,  14 ,8/20/2025,8/22/2025
145456,8/26/2025,2,4836,2,2708,Cold Box Soprado,Sopradora,Silica,  3 ,  1 ,peça,2,2,40,0,  40 ,  20 ,  1 ,  28 ,8/20/2025,8/22/2025
145456,8/26/2025,2,4836,3,2709,Cold Box Soprado,Sopradora,Silica,  1 ,  1 ,peça,2,2,40,0,  40 ,  20 ,  1 ,  28 ,8/20/2025,8/22/2025
144508,8/26/2025,3,4859,1,2735,Cold Box Soprado,Sopradora,Silica,"1,158","  1,00 ",peça,14,1,70,0,70,  5 ,  1 ,  7 ,8/20/2025,8/22/2025
144508,8/26/2025,3,4859,2,2736,Cold Box Soprado,Sopradora,Silica,  0 ,  1 ,peça,9,1,70,0,  70 ,  8 ,  1 ,  11 ,8/20/2025,8/22/2025
145639,8/26/2025,4,4689,1,113,Cold Box Gasado,Cold Box 4,Silica,  21 ,  1 ,peça,1,1,8,0,  8 ,  8 ,  3 ,  20 ,8/20/2025,8/22/2025
145639,8/26/2025,4,4689,2,114,Pep Set,Carrossel,Silica,  3 ,  1 ,peça,2,1,8,0,  8 ,  4 ,  1 ,  5 ,8/20/2025,8/22/2025
145639,8/26/2025,4,4689,3,115,Cold Box Gasado,Cold Box Pequena,Silica,  3 ,  1 ,peça,1,1,8,0,  8 ,  8 ,  3 ,  20 ,8/20/2025,8/22/2025
145639,8/26/2025,4,4689,4,386,Cold Box Soprado,Sopradora,Silica,  1 ,  1 ,peça,4,1,8,0,  8 ,  2 ,  1 ,  3 ,8/20/2025,8/22/2025
145639,8/26/2025,4,4689,20,2629,Cold Box Soprado,Sopradora,Silica,  2 ,  1 ,peça,3,1,8,0,  6 ,  2 ,  1 ,  3 ,8/20/2025,8/22/2025
145658,8/26/2025,4,4690,1,113,Cold Box Gasado,Cold Box 4,Silica,  21 ,  1 ,peça,1,1,8,0,  8 ,  8 ,  3 ,  20 ,8/20/2025,8/22/2025
145658,8/26/2025,4,4690,2,114,Pep Set,Carrossel,Silica,  3 ,  1 ,peça,2,1,8,0,  8 ,  4 ,  1 ,  5 ,8/20/2025,8/22/2025
145658,8/26/2025,4,4690,3,98,Cold Box Gasado,Cold Box Pequena,Silica,  3 ,  1 ,peça,1,1,8,0,  8 ,  8 ,  3 ,  20 ,8/20/2025,8/22/2025
145658,8/26/2025,4,4690,4,385,Cold Box Soprado,Sopradora,Silica,"0,625","  1,00 ",peça,4,1,8,0,8,  2 ,  1 ,  3 ,8/20/2025,8/22/2025
145658,8/26/2025,4,4690,20,2629,Cold Box Soprado,Sopradora,Silica,"1,728","  0,75 ",peça,3,1,8,0,6,  2 ,  1 ,  3 ,8/20/2025,8/22/2025
145640,8/26/2025,5,4689,1,113,Cold Box Gasado,Cold Box 4,Silica,21,"  1,00 ",peça,1,1,8,0,8,  8 ,  3 ,  20 ,8/20/2025,8/22/2025
145640,8/26/2025,5,4689,2,114,Pep Set,Carrossel,Silica,"2,665","  1,00 ",peça,2,1,8,0,8,  4 ,  1 ,  5 ,8/20/2025,8/22/2025
145640,8/26/2025,5,4689,3,115,Cold Box Gasado,Cold Box Pequena,Silica,"3,025","  1,00 ",peça,1,1,8,0,8,  8 ,  3 ,  20 ,8/20/2025,8/22/2025
145640,8/26/2025,5,4689,4,386,Cold Box Soprado,Sopradora,Silica,"0,625","  1,00 ",peça,4,1,8,0,8,  2 ,  1 ,  3 ,8/20/2025,8/22/2025
145640,8/26/2025,5,4689,20,2629,Cold Box Soprado,Sopradora,Silica,"1,728","  0,75 ",peça,3,1,8,0,6,  2 ,  1 ,  3 ,8/20/2025,8/22/2025
145659,8/26/2025,5,4690,1,113,Cold Box Gasado,Cold Box 4,Silica,21,"  1,00 ",peça,1,1,8,0,8,  8 ,  3 ,  20 ,8/20/2025,8/22/2025
145659,8/26/2025,5,4690,2,114,Pep Set,Carrossel,Silica,  3 ,  1 ,peça,2,1,8,0,  8 ,  4 ,  1 ,  5 ,8/20/2025,8/22/2025
145659,8/26/2025,5,4690,3,98,Cold Box Gasado,Cold Box Pequena,Silica,  3 ,  1 ,peça,1,1,8,0,  8 ,  8 ,  3 ,  20 ,8/20/2025,8/22/2025
145659,8/26/2025,5,4690,4,385,Cold Box Soprado,Sopradora,Silica,  1 ,  1 ,peça,4,1,8,0,  8 ,  2 ,  1 ,  3 ,8/20/2025,8/22/2025
145659,8/26/2025,5,4690,20,2629,Cold Box Soprado,Sopradora,Silica,  2 ,  1 ,peça,3,1,8,0,  6 ,  2 ,  1 ,  3 ,8/20/2025,8/22/2025
145712,8/26/2025,6,4805,1,2690,Cold Box Gasado,Cold Box 4,Silica,  3 ,  2 ,peça,1,1,8,0,  16 ,  16 ,  3 ,  40 ,8/20/2025,8/22/2025
145712,8/26/2025,6,4805,2,2691,Cold Box Gasado,Cold Box 4,Silica,  3 ,  2 ,peça,1,1,8,0,  16 ,  16 ,  3 ,  40 ,8/20/2025,8/22/2025
145712,8/26/2025,6,4805,3,2692,Cold Box Soprado,Sopradora,Silica,  3 ,  1 ,peça,2,1,8,0,  8 ,  4 ,  1 ,  6 ,8/20/2025,8/22/2025
145712,8/26/2025,6,4805,4,2693,Cold Box Soprado,Sopradora,Silica,  1 ,  4 ,peça,4,1,8,0,  32 ,  8 ,  1 ,  11 ,8/20/2025,8/22/2025
145712,8/26/2025,6,4805,5,2694,Pep Set,Vibrado,Silica,  77 ,  1 ,peça,1,2,8,0,  8 ,  8 ,  28 ,  224 ,8/20/2025,8/22/2025
145712,8/26/2025,6,4805,6,2695,Pep Set,Carrossel,Silica,  8 ,  1 ,peça,1,1,8,0,  8 ,  8 ,  1 ,  10 ,8/20/2025,8/22/2025
145712,8/26/2025,6,4805,7,2696,Pep Set,Carrossel,Silica,  8 ,  1 ,peça,1,1,8,0,  8 ,  8 ,  1 ,  10 ,8/20/2025,8/22/2025
145712,8/26/2025,6,4805,8,2697,Pep Set,Carrossel,Silica,  8 ,  1 ,peça,1,1,8,0,  8 ,  8 ,  1 ,  10 ,8/20/2025,8/22/2025
145712,8/26/2025,6,4805,9,2698,Pep Set,Carrossel,Silica,  8 ,  1 ,peça,1,1,8,0,  8 ,  8 ,  1 ,  10 ,8/20/2025,8/22/2025
145712,8/26/2025,6,4805,20,2629,Cold Box Soprado,Sopradora,Silica,  2 ,  2 ,peça,3,1,8,0,  12 ,  4 ,  1 ,  6 ,8/20/2025,8/22/2025
145713,8/26/2025,7,4805,1,2690,Cold Box Gasado,Cold Box 4,Silica,  3 ,  2 ,peça,1,1,8,0,  16 ,  16 ,  3 ,  40 ,8/20/2025,8/22/2025
145713,8/26/2025,7,4805,2,2691,Cold Box Gasado,Cold Box 4,Silica,  3 ,  2 ,peça,1,1,8,0,  16 ,  16 ,  3 ,  40 ,8/20/2025,8/22/2025
145713,8/26/2025,7,4805,3,2692,Cold Box Soprado,Sopradora,Silica,3,"  1,00 ",peça,2,1,8,0,8,  4 ,  1 ,  6 ,8/20/2025,8/22/2025
145713,8/26/2025,7,4805,4,2693,Cold Box Soprado,Sopradora,Silica,"0,93","  4,00 ",peça,4,1,8,0,32,  8 ,  1 ,  11 ,8/20/2025,8/22/2025
145713,8/26/2025,7,4805,5,2694,Pep Set,Vibrado,Silica,  77 ,  1 ,peça,1,2,8,0,  8 ,  8 ,  28 ,  224 ,8/20/2025,8/22/2025
145713,8/26/2025,7,4805,6,2695,Pep Set,Carrossel,Silica,  8 ,  1 ,peça,1,1,8,0,  8 ,  8 ,  1 ,  10 ,8/20/2025,8/22/2025
145713,8/26/2025,7,4805,7,2696,Pep Set,Carrossel,Silica,  8 ,  1 ,peça,1,1,8,0,  8 ,  8 ,  1 ,  10 ,8/20/2025,8/22/2025
145713,8/26/2025,7,4805,8,2697,Pep Set,Carrossel,Silica,  8 ,  1 ,peça,1,1,8,0,  8 ,  8 ,  1 ,  10 ,8/20/2025,8/22/2025
145713,8/26/2025,7,4805,9,2698,Pep Set,Carrossel,Silica,  8 ,  1 ,peça,1,1,8,0,  8 ,  8 ,  1 ,  10 ,8/20/2025,8/22/2025
145713,8/26/2025,7,4805,20,2629,Cold Box Soprado,Sopradora,Silica,  2 ,  2 ,peça,3,1,8,0,  12 ,  4 ,  1 ,  6 ,8/20/2025,8/22/2025
145738,8/26/2025,8,4755,1,116,Pep Set,Chão,Silica,  13 ,  1 ,peça,1,2,20,0,  20 ,  20 ,  15 ,  300 ,8/20/2025,8/22/2025
145738,8/26/2025,8,4755,2,117,Cold Box Soprado,Sopradora,Silica,  6 ,  1 ,peça,2,1,20,0,  20 ,  10 ,  1 ,  14 ,8/20/2025,8/22/2025
145738,8/26/2025,8,4755,3,2514,Cold Box Soprado,Sopradora,Silica,  3 ,  1 ,peça,4,1,20,0,  20 ,  5 ,  1 ,  7 ,8/20/2025,8/22/2025
145254,8/26/2025,9,946,1,102,Pep Set,Carrossel,Silica,  9 ,  1 ,peça,1,1,16,0,  16 ,  16 ,  1 ,  20 ,8/20/2025,8/22/2025
145254,8/26/2025,9,946,6,840,Cold Box Soprado,Sopradora,Silica,  2 ,  1 ,peça,4,1,16,0,  16 ,  4 ,  1 ,  6 ,8/20/2025,8/22/2025
145254,8/26/2025,9,946,3,104,Cold Box Soprado,Sopradora,Silica,  1 ,  1 ,peça,4,1,16,0,  16 ,  4 ,  1 ,  6 ,8/20/2025,8/22/2025
145254,8/26/2025,9,946,20,2629,Cold Box Soprado,Sopradora,Silica,  2 ,  2 ,peça,3,1,16,0,  24 ,  8 ,  1 ,  11 ,8/20/2025,8/22/2025
145754,8/26/2025,10,947,1,87,Pep Set,Carrossel,Silica,  22 ,  1 ,peça,1,2,20,0,  20 ,  20 ,  1 ,  25 ,8/20/2025,8/22/2025
145754,8/26/2025,10,947,2,88,Pep Set,Carrossel,Silica,  16 ,  1 ,peça,1,2,20,0,  20 ,  20 ,  1 ,  25 ,8/20/2025,8/22/2025
145754,8/26/2025,10,947,3,89,Pep Set,Carrossel,Silica,  9 ,  1 ,peça,1,2,20,0,  20 ,  20 ,  1 ,  25 ,8/20/2025,8/22/2025
145754,8/26/2025,10,947,4,94,Pep Set,Carrossel,Silica,  5 ,  1 ,peça,1,2,20,0,  20 ,  20 ,  1 ,  25 ,8/20/2025,8/22/2025
145281,8/26/2025,11,944,1,99,Pep Set,Carrossel,Silica,  9 ,  1 ,peça,1,1,16,0,  16 ,  16 ,  1 ,  20 ,8/20/2025,8/22/2025
145281,8/26/2025,11,944,6,840,Cold Box Soprado,Sopradora,Silica,  2 ,  1 ,peça,4,1,16,0,  16 ,  4 ,  1 ,  6 ,8/20/2025,8/22/2025
145281,8/26/2025,11,944,3,101,Cold Box Soprado,Sopradora,Silica,  1 ,  1 ,peça,4,1,16,0,  16 ,  4 ,  1 ,  6 ,8/20/2025,8/22/2025
145281,8/26/2025,11,944,20,2629,Cold Box Soprado,Sopradora,Silica,"1,728","  1,50 ",peça,3,1,16,0,24,  8 ,  1 ,  11 ,8/20/2025,8/22/2025
145759,8/26/2025,12,945,1,90,Pep Set,Carrossel,Silica,  22 ,  1 ,peça,1,2,20,0,  20 ,  20 ,  1 ,  25 ,8/20/2025,8/22/2025
145759,8/26/2025,12,945,2,91,Pep Set,Carrossel,Silica,  16 ,  1 ,peça,1,2,20,0,  20 ,  20 ,  1 ,  25 ,8/20/2025,8/22/2025
145759,8/26/2025,12,945,3,92,Pep Set,Carrossel,Silica,  9 ,  1 ,peça,1,2,20,0,  20 ,  20 ,  1 ,  25 ,8/20/2025,8/22/2025
145759,8/26/2025,12,945,4,93,Pep Set,Carrossel,Silica,  5 ,  1 ,peça,1,2,20,0,  20 ,  20 ,  1 ,  25 ,8/20/2025,8/22/2025
145770,8/26/2025,13,4054,1,828,Pep Set,Chão,Silica,  20 ,  1 ,peça,1,2,12,0,  12 ,  12 ,  15 ,  180 ,8/20/2025,8/22/2025
145770,8/26/2025,13,4054,2,829,Pep Set,Carrossel,Silica,  27 ,  1 ,peça,1,1,12,0,  12 ,  12 ,  1 ,  15 ,8/20/2025,8/22/2025
145770,8/26/2025,13,4054,3,830,Pep Set,Carrossel,Silica,  6 ,  1 ,peça,1,1,12,0,  12 ,  12 ,  1 ,  15 ,8/20/2025,8/22/2025
145770,8/26/2025,13,4054,4,831,Pep Set,Carrossel,Silica,  6 ,  1 ,peça,1,1,12,0,  12 ,  12 ,  1 ,  15 ,8/20/2025,8/22/2025
145770,8/26/2025,13,4054,5,839,Pep Set,Carrossel,Silica,  1 ,  1 ,peça,1,2,12,0,  12 ,  12 ,  1 ,  15 ,8/20/2025,8/22/2025
145770,8/26/2025,13,4054,6,840,Cold Box Soprado,Sopradora,Silica,  2 ,  1 ,peça,4,1,12,0,  12 ,  3 ,  1 ,  4 ,8/20/2025,8/22/2025
145770,8/26/2025,13,4054,7,834,Cold Box Soprado,Sopradora,Silica,  1 ,  1 ,peça,4,1,12,0,  12 ,  3 ,  1 ,  4 ,8/20/2025,8/22/2025
145784,8/26/2025,14,4073,1,835,Pep Set,Chão,Silica,  20 ,  1 ,peça,1,2,12,0,  12 ,  12 ,  15 ,  180 ,8/20/2025,8/22/2025
145784,8/26/2025,14,4073,2,836,Pep Set,Carrossel,Silica,  27 ,  1 ,peça,1,1,12,0,  12 ,  12 ,  1 ,  15 ,8/20/2025,8/22/2025
145784,8/26/2025,14,4073,3,837,Pep Set,Carrossel,Silica,  6 ,  1 ,peça,1,1,12,0,  12 ,  12 ,  1 ,  15 ,8/20/2025,8/22/2025
145784,8/26/2025,14,4073,4,838,Pep Set,Carrossel,Silica,  6 ,  1 ,peça,1,1,12,0,  12 ,  12 ,  1 ,  15 ,8/20/2025,8/22/2025
145784,8/26/2025,14,4073,5,839,Pep Set,Carrossel,Silica,  1 ,  1 ,peça,1,2,12,0,  12 ,  12 ,  1 ,  15 ,8/20/2025,8/22/2025
145784,8/26/2025,14,4073,6,840,Cold Box Soprado,Sopradora,Silica,  2 ,  1 ,peça,4,1,12,0,  12 ,  3 ,  1 ,  4 ,8/20/2025,8/22/2025
145784,8/26/2025,14,4073,7,841,Cold Box Soprado,Sopradora,Silica,  1 ,  1 ,peça,4,1,12,0,  12 ,  3 ,  1 ,  4 ,8/20/2025,8/22/2025
146197,8/26/2025,15,4758,1,2667,Pep Set,Carrossel,Silica,  24 ,  1 ,peça,1,1,14,0,  14 ,  14 ,  1 ,  18 ,8/20/2025,8/22/2025
146197,8/26/2025,15,4758,2,2668,Pep Set,Carrossel,Silica,  32 ,  1 ,peça,1,1,14,0,  14 ,  14 ,  1 ,  18 ,8/20/2025,8/22/2025
146197,8/26/2025,15,4758,3,2669,Pep Set,Carrossel,Silica,  23 ,  1 ,peça,1,1,14,0,  14 ,  14 ,  1 ,  18 ,8/20/2025,8/22/2025
146197,8/26/2025,15,4758,4,2670,Pep Set,Carrossel,Silica,  11 ,  1 ,peça,1,1,14,0,  14 ,  14 ,  1 ,  18 ,8/20/2025,8/22/2025
146197,8/26/2025,15,4758,5,2671,Pep Set,Carrossel,Silica,  10 ,  1 ,peça,1,1,14,0,  14 ,  14 ,  1 ,  18 ,8/20/2025,8/22/2025
146197,8/26/2025,15,4758,6,2672,Pep Set,Carrossel,Silica,  10 ,  1 ,peça,1,1,14,0,  14 ,  14 ,  1 ,  18 ,8/20/2025,8/22/2025
146197,8/26/2025,15,4758,7,2673,Pep Set,Carrossel,Silica,4,"  1,00 ",peça,1,1,14,0,14,  14 ,  1 ,  18 ,8/20/2025,8/22/2025
146197,8/26/2025,15,4758,20,2629,Cold Box Soprado,Sopradora,Silica,"1,728","  1,50 ",peça,3,1,14,0,21,  7 ,  1 ,  10 ,8/20/2025,8/22/2025
145966,8/26/2025,16,948,1,1211,Pep Set,Chão,Silica,  23 ,  1 ,peça,1,1,11,0,  11 ,  11 ,  15 ,  165 ,8/20/2025,8/22/2025
146601,8/26/2025,16,1650,1,2273,Cold Box Gasado,Cold Box Pequena,Silica,,  1 ,peça,1,1,56,0,  56 ,  56 ,  3 ,  140 ,8/20/2025,8/22/2025
145695,8/26/2025,17,4827,1,2710,Pep Set,Carrossel,Silica,  29 ,  1 ,peça,1,1,28,0,  28 ,  28 ,  1 ,  35 ,8/20/2025,8/22/2025
145695,8/26/2025,17,4827,2,2711,Cold Box Gasado,Cold Box 4,Silica,  3 ,  1 ,peça,2,1,28,0,  28 ,  14 ,  3 ,  35 ,8/20/2025,8/22/2025
145678,8/26/2025,18,4823,1,2575,Cold Box Soprado,Sopradora,Silica,  1 ,  2 ,peça,2,1,10,0,  20 ,  10 ,  1 ,  14 ,8/20/2025,8/22/2025
145678,8/26/2025,18,4823,2,2576,Cold Box Soprado,Sopradora,Silica,  1 ,  1 ,peça,1,1,10,0,  10 ,  10 ,  1 ,  14 ,8/20/2025,8/22/2025
145678,8/26/2025,18,4823,3,2577,Cold Box Soprado,Sopradora,Silica,  1 ,  2 ,peça,4,1,10,0,  20 ,  5 ,  1 ,  7 ,8/20/2025,8/22/2025
145537,8/26/2025,19,151,1,76,Cold Box Gasado,Cold Box Pequena,Silica,  1 ,  1 ,peça,2,2,320,0,  160 ,  80 ,  3 ,  200 ,8/20/2025,8/22/2025
145537,8/26/2025,19,151,2,77,Cold Box Gasado,Cold Box Pequena,Silica,"0,62","  0,50 ",peça,2,2,320,0,160,  80 ,  3 ,  200 ,8/20/2025,8/22/2025
145537,8/26/2025,19,151,30,2926,Pep Set,Carrossel,Silica,,  1 ,Lote,1,1,320,0,  1 ,  1 ,  1 ,  1 ,8/20/2025,8/22/2025
145540,8/26/2025,20,4538,30,2926,Pep Set,Carrossel,Silica,,  1 ,Lote,1,1,320,0,  1 ,  1 ,  1 ,  1 ,8/20/2025,8/22/2025
145814,8/26/2025,,4758,1,2667,Pep Set,Carrossel,Silica,24,"  1,00 ",peça,1,1,14,0,14,  14 ,  1 ,  18 ,8/20/2025,8/22/2025
145814,8/26/2025,,4758,2,2668,Pep Set,Carrossel,Silica,  32 ,  1 ,peça,1,1,14,0,  14 ,  14 ,  1 ,  18 ,8/20/2025,8/22/2025
145814,8/26/2025,,4758,3,2669,Pep Set,Carrossel,Silica,  23 ,  1 ,peça,1,1,14,0,  14 ,  14 ,  1 ,  18 ,8/20/2025,8/22/2025
145814,8/26/2025,,4758,4,2670,Pep Set,Carrossel,Silica,11,"  1,00 ",peça,1,1,14,0,14,  14 ,  1 ,  18 ,8/20/2025,8/22/2025
145814,8/26/2025,,4758,5,2671,Pep Set,Carrossel,Silica,"9,5","  1,00 ",peça,1,1,14,0,14,  14 ,  1 ,  18 ,8/20/2025,8/22/2025
145814,8/26/2025,,4758,6,2672,Pep Set,Carrossel,Silica,"9,5","  1,00 ",peça,1,1,14,0,14,  14 ,  1 ,  18 ,8/20/2025,8/22/2025
145814,8/26/2025,,4758,7,2673,Pep Set,Carrossel,Silica,4,"  1,00 ",peça,1,1,14,0,14,  14 ,  1 ,  18 ,8/20/2025,8/22/2025
145814,8/26/2025,,4758,20,2629,Cold Box Soprado,Sopradora,Silica,"1,728","  1,50 ",peça,3,1,14,0,21,  7 ,  1 ,  10 ,8/20/2025,8/22/2025