_kf_producao,dataFusao,ordenacao,_kf_fichaTecnica,caixa,_kf_macho,processo,recurso,areia,peso,qtd_machos,qtd_machosPor,figuras,qtd_replicas,qtd_op,qtd_realizada,qtd_pendente,Qtd. Moldes,Tempo de Ciclo (por molde), Tempo Total (minutos), NOT BEFORE DATE, DEADLINE
145960,9/1/2025,11,1008,1,668,Pep Set,Chão,Silica,56, 1.00 ,peça,1,1,7,0,7, 7 , 15 , 105 ,8/26/2025,8/28/2025
146354,9/1/2025,12,4283,29,2925,Pep Set,Carrossel,Silica,, 1.00 ,Lote,1,1,16,0,1, 1 , 1 , 1 ,8/26/2025,8/28/2025
145719,9/2/2025,3,4805,5,2694,Pep Set,Vibrado,Silica, 77 , 1 ,peça,1,2,8,2, 6 , 6 , 28 , 168 ,8/27/2025,8/29/2025
146016,9/2/2025,5,2474,1,1502,Pep Set,Carrossel,Silica, 55 , 1 ,peça,1,1,2,0, 2 , 2 , 1 , 3 ,8/27/2025,8/29/2025
143534,9/2/2025,7,4668,1,2578,Cold Box Soprado,Sopradora,Silica, 7 , 1 ,peça,1,1,40,0, 40 , 40 , 1 , 57 ,8/27/2025,8/29/2025
143534,9/2/2025,7,4668,20,2629,Cold Box Soprado,Sopradora,Silica, 2 , 1 ,peça,3,1,40,0, 30 , 10 , 1 , 14 ,8/27/2025,8/29/2025
143534,9/2/2025,7,4668,30,2926,Pep Set,Carrossel,Silica,, 1 ,Lote,1,1,40,0, 1 , 1 , 1 , 1 ,8/27/2025,8/29/2025
145720,9/2/2025,10,4805,1,2690,Cold Box Gasado,Cold Box 4,Silica,3.294, 2.00 ,peça,1,1,8,0,16, 16 , 3 , 40 ,8/27/2025,8/29/2025
145720,9/2/2025,10,4805,2,2691,Cold Box Gasado,Cold Box 4,Silica, 3 , 2 ,peça,1,1,8,0, 16 , 16 , 3 , 40 ,8/27/2025,8/29/2025
145720,9/2/2025,10,4805,5,2694,Pep Set,Vibrado,Silica, 77 , 1 ,peça,1,2,8,0, 8 , 8 , 28 , 224 ,8/27/2025,8/29/2025
145286,9/2/2025,11,944,6,840,Cold Box Soprado,Sopradora,Silica, 2 , 1 ,peça,4,1,16,0, 16 , 4 , 1 , 6 ,8/27/2025,8/29/2025
145286,9/2/2025,11,944,3,101,Cold Box Soprado,Sopradora,Silica,1.16, 1.00 ,peça,4,1,16,0,16, 4 , 1 , 6 ,8/27/2025,8/29/2025
145786,9/2/2025,12,4073,1,835,Pep Set,Chão,Silica, 20 , 1 ,peça,1,2,12,8, 4 , 4 , 15 , 60 ,8/27/2025,8/29/2025
146328,9/2/2025,13,1604,1,911,Pep Set,Chão,Silica,56, 1.00 ,peça,1,1,16,0,16, 16 , 15 , 240 ,8/27/2025,8/29/2025
146613,9/2/2025,14,2138,24,2908,Cold Box Gasado,Cold Box Pequena,Silica, 10 , 1 ,Molde,2,1,210,0, 15 , 8 , 3 , 19 ,8/27/2025,8/29/2025
146178,9/2/2025,15,3989,23,2907,Cold Box Gasado,Cold Box Pequena,Silica,10.42, 0.07 ,peça,2,1,238,0,17.136, 9 , 3 , 21 ,8/27/2025,8/29/2025
146331,9/1/2025,15,1607,1,913,Pep Set,Chão,Cromita,13.8, 1.00 ,peça,1,1,2,0,2, 2 , 15 , 30 ,9/1/2025,8/29/2025
145721,9/3/2025,2,4805,1,2690,Cold Box Gasado,Cold Box 4,Silica,3.294, 2.00 ,peça,1,1,8,0,16, 16 , 3 , 40 ,8/28/2025,9/1/2025
145721,9/3/2025,2,4805,2,2691,Cold Box Gasado,Cold Box 4,Silica, 3 , 2 ,peça,1,1,8,0, 16 , 16 , 3 , 40 ,8/28/2025,9/1/2025
145721,9/3/2025,2,4805,4,2693,Cold Box Soprado,Sopradora,Silica, 1 , 4 ,peça,4,1,8,0, 32 , 8 , 1 , 11 ,8/28/2025,9/1/2025
145721,9/3/2025,2,4805,5,2694,Pep Set,Vibrado,Silica, 77 , 1 ,peça,1,2,8,0, 8 , 8 , 28 , 224 ,8/28/2025,9/1/2025
145287,9/3/2025,3,944,6,840,Cold Box Soprado,Sopradora,Silica,1.56, 1.00 ,peça,4,1,16,0,16, 4 , 1 , 6 ,8/28/2025,9/1/2025
145287,9/3/2025,3,944,3,101,Cold Box Soprado,Sopradora,Silica,1.16, 1.00 ,peça,4,1,16,0,16, 4 , 1 , 6 ,8/28/2025,9/1/2025
145446,9/3/2025,4,4845,1,2879,Cold Box Gasado,Cold Box 4,Silica, 8 , 1 ,peça,1,1,32,0, 32 , 32 , 3 , 80 ,8/28/2025,9/1/2025
145446,9/3/2025,4,4845,2,2880,Pep Set,Carrossel,Silica, 7 , 1 ,peça,1,1,32,0, 32 , 32 , 1 , 40 ,8/28/2025,9/1/2025
145446,9/3/2025,4,4845,3,2881,Pep Set,Carrossel,Silica, 7 , 1 ,peça,1,1,32,0, 32 , 32 , 1 , 40 ,8/28/2025,9/1/2025
144880,9/3/2025,5,4759,1,2675,Pep Set,Carrossel,Silica, 30 , 1 ,peça,1,1,6,0, 6 , 6 , 1 , 8 ,8/28/2025,9/1/2025
144880,9/3/2025,5,4759,2,2676,Pep Set,Carrossel,Silica, 29 , 1 ,peça,1,1,6,0, 6 , 6 , 1 , 8 ,8/28/2025,9/1/2025
144880,9/3/2025,5,4759,4,2678,Pep Set,Carrossel,Silica, 14 , 1 ,peça,1,1,6,0, 6 , 6 , 1 , 8 ,8/28/2025,9/1/2025
144880,9/3/2025,5,4759,5,2679,Pep Set,Carrossel,Silica, 15 , 1 ,peça,1,1,6,0, 6 , 6 , 1 , 8 ,8/28/2025,9/1/2025
144880,9/3/2025,5,4759,8,2682,Pep Set,Carrossel,Silica,10.8, 1.00 ,peça,1,1,6,0,6, 6 , 1 , 8 ,8/28/2025,9/1/2025
144880,9/3/2025,5,4759,9,2683,Pep Set,Carrossel,Silica, 11 , 1 ,peça,1,1,6,0, 6 , 6 , 1 , 8 ,8/28/2025,9/1/2025
144880,9/3/2025,5,4759,10,2684,Pep Set,Carrossel,Silica, 10 , 1 ,peça,1,1,6,0, 6 , 6 , 1 , 8 ,8/28/2025,9/1/2025
144880,9/3/2025,5,4759,11,2685,Pep Set,Carrossel,Silica, 10 , 1 ,peça,1,1,6,0, 6 , 6 , 1 , 8 ,8/28/2025,9/1/2025
145773,9/3/2025,6,4054,1,828,Pep Set,Chão,Silica, 20 , 1 ,peça,1,2,12,0, 12 , 12 , 15 , 180 ,8/28/2025,9/1/2025
145773,9/3/2025,6,4054,2,829,Pep Set,Carrossel,Silica,27.4, 1.00 ,peça,1,1,12,0,12, 12 , 1 , 15 ,8/28/2025,9/1/2025
145773,9/3/2025,6,4054,3,830,Pep Set,Carrossel,Silica, 6 , 1 ,peça,1,1,12,0, 12 , 12 , 1 , 15 ,8/28/2025,9/1/2025
145773,9/3/2025,6,4054,4,831,Pep Set,Carrossel,Silica, 6 , 1 ,peça,1,1,12,0, 12 , 12 , 1 , 15 ,8/28/2025,9/1/2025
145773,9/3/2025,6,4054,5,839,Pep Set,Carrossel,Silica, 1 , 1 ,peça,1,2,12,0, 12 , 12 , 1 , 15 ,8/28/2025,9/1/2025
145773,9/3/2025,6,4054,6,840,Cold Box Soprado,Sopradora,Silica,1.56, 1.00 ,peça,4,1,12,0,12, 3 , 1 , 4 ,8/28/2025,9/1/2025
145722,9/3/2025,8,4805,1,2690,Cold Box Gasado,Cold Box 4,Silica, 3 , 2 ,peça,1,1,8,0, 16 , 16 , 3 , 40 ,8/28/2025,9/1/2025
145722,9/3/2025,8,4805,2,2691,Cold Box Gasado,Cold Box 4,Silica, 3 , 2 ,peça,1,1,8,0, 16 , 16 , 3 , 40 ,8/28/2025,9/1/2025
145722,9/3/2025,8,4805,4,2693,Cold Box Soprado,Sopradora,Silica, 1 , 4 ,peça,4,1,8,0, 32 , 8 , 1 , 11 ,8/28/2025,9/1/2025
145722,9/3/2025,8,4805,5,2694,Pep Set,Vibrado,Silica, 77 , 1 ,peça,1,2,8,0, 8 , 8 , 28 , 224 ,8/28/2025,9/1/2025
145722,9/3/2025,8,4805,6,2695,Pep Set,Carrossel,Silica, 8 , 1 ,peça,1,1,8,4, 4 , 4 , 1 , 5 ,8/28/2025,9/1/2025
145722,9/3/2025,8,4805,7,2696,Pep Set,Carrossel,Silica, 8 , 1 ,peça,1,1,8,5, 3 , 3 , 1 , 4 ,8/28/2025,9/1/2025
145722,9/3/2025,8,4805,8,2697,Pep Set,Carrossel,Silica, 8 , 1 ,peça,1,1,8,1, 7 , 7 , 1 , 9 ,8/28/2025,9/1/2025
145722,9/3/2025,8,4805,9,2698,Pep Set,Carrossel,Silica, 8 , 1 ,peça,1,1,8,4, 4 , 4 , 1 , 5 ,8/28/2025,9/1/2025
145787,9/3/2025,10,4073,1,835,Pep Set,Chão,Silica, 20 , 1 ,peça,1,2,12,0, 12 , 12 , 15 , 180 ,8/28/2025,9/1/2025
145787,9/3/2025,10,4073,2,836,Pep Set,Carrossel,Silica,27, 1.00 ,peça,1,1,12,0,12, 12 , 1 , 15 ,8/28/2025,9/1/2025
145787,9/3/2025,10,4073,3,837,Pep Set,Carrossel,Silica,6.4, 1.00 ,peça,1,1,12,0,12, 12 , 1 , 15 ,8/28/2025,9/1/2025
145787,9/3/2025,10,4073,4,838,Pep Set,Carrossel,Silica, 6 , 1 ,peça,1,1,12,0, 12 , 12 , 1 , 15 ,8/28/2025,9/1/2025
145787,9/3/2025,10,4073,5,839,Pep Set,Carrossel,Silica, 1 , 1 ,peça,1,2,12,0, 12 , 12 , 1 , 15 ,8/28/2025,9/1/2025
146333,9/3/2025,11,1799,1,925,Pep Set,Chão,Silica, 125 , 1 ,peça,1,1,8,0, 8 , 8 , 15 , 120 ,8/28/2025,9/1/2025
146179,9/3/2025,12,3989,23,2907,Cold Box Gasado,Cold Box Pequena,Silica, 10 , 0 ,peça,2,1,238,0, 17 , 9 , 3 , 21 ,8/28/2025,9/1/2025
146614,9/3/2025,13,2138,24,2908,Cold Box Gasado,Cold Box Pequena,Silica, 10 , 1 ,Molde,2,1,210,0, 15 , 8 , 3 , 19 ,8/28/2025,9/1/2025
145822,9/3/2025,14,4689,1,113,Cold Box Gasado,Cold Box 4,Silica, 21 , 1 ,peça,1,1,8,0, 8 , 8 , 3 , 20 ,8/28/2025,9/1/2025
145875,9/3/2025,14,4690,1,113,Cold Box Gasado,Cold Box 4,Silica, 21 , 1 ,peça,1,1,8,0, 8 , 8 , 3 , 20 ,8/28/2025,9/1/2025
145796,9/3/2025,15,4621,1,2562,Pep Set,Carrossel,Silica, 4 , 2 ,peça,1,1,6,0, 12 , 12 , 1 , 15 ,8/28/2025,9/1/2025
145796,9/3/2025,15,4621,2,2563,Pep Set,Carrossel,Silica, 13 , 2 ,peça,1,1,6,0, 12 , 12 , 1 , 15 ,8/28/2025,9/1/2025
145796,9/3/2025,15,4621,3,2564,Pep Set,Carrossel,Silica, 13 , 2 ,peça,1,1,6,0, 12 , 12 , 1 , 15 ,8/28/2025,9/1/2025
145796,9/3/2025,15,4621,4,2565,Pep Set,Vibrado,Silica, 68 , 1 ,peça,1,1,6,0, 6 , 6 , 28 , 168 ,8/28/2025,9/1/2025
145796,9/3/2025,15,4621,5,2566,Pep Set,Carrossel,Silica, 13 , 2 ,peça,1,1,6,0, 12 , 12 , 1 , 15 ,8/28/2025,9/1/2025
145796,9/3/2025,15,4621,6,2567,Pep Set,Carrossel,Silica, 13 , 2 ,peça,1,1,6,0, 12 , 12 , 1 , 15 ,8/28/2025,9/1/2025
145796,9/3/2025,15,4621,7,2568,Pep Set,Carrossel,Silica, 9 , 2 ,peça,1,1,6,0, 12 , 12 , 1 , 15 ,8/28/2025,9/1/2025
145796,9/3/2025,15,4621,20,2629,Cold Box Soprado,Sopradora,Silica,1.728, 3.00 ,peça,3,1,6,0,18, 6 , 1 , 9 ,8/28/2025,9/1/2025
145559,9/3/2025,16,5066,1,2699,Pep Set,Carrossel,Silica, 5 , 1 ,peça,2,1,4,0, 4 , 2 , 1 , 3 ,8/28/2025,9/1/2025
145559,9/3/2025,16,5066,2,2867,Pep Set,Chão,Silica, 16 , 1 ,peça,1,1,4,0, 4 , 4 , 15 , 60 ,8/28/2025,9/1/2025
145560,9/3/2025,16,5067,1,2701,Pep Set,Carrossel,Silica,5, 1.00 ,peça,2,1,4,0,4, 2 , 1 , 3 ,8/28/2025,9/1/2025
145560,9/3/2025,16,5067,2,2868,Pep Set,Chão,Silica, 16 , 1 ,peça,1,1,4,0, 4 , 4 , 15 , 60 ,8/28/2025,9/1/2025
146570,9/3/2025,16,4302,1,2394,Pep Set,Carrossel,Silica, 7 , 1 ,peça,1,1,4,0, 4 , 4 , 1 , 5 ,8/28/2025,9/1/2025
145807,9/3/2025,17,4683,1,2589,Pep Set,Chão,Silica, 5 , 1 ,peça,1,1,24,0, 24 , 24 , 15 , 360 ,8/28/2025,9/1/2025
145807,9/3/2025,17,4683,2,2590,Pep Set,Carrossel,Silica, 3 , 1 ,peça,1,1,24,0, 24 , 24 , 1 , 30 ,8/28/2025,9/1/2025
145807,9/3/2025,17,4683,3,2591,Pep Set,Carrossel,Silica, 3 , 1 ,peça,1,1,24,0, 24 , 24 , 1 , 30 ,8/28/2025,9/1/2025
145807,9/3/2025,17,4683,4,2592,Pep Set,Carrossel,Silica,1.1, 2.00 ,peça,1,1,24,0,48, 48 , 1 , 60 ,8/28/2025,9/1/2025
145823,9/4/2025,2,4689,1,113,Cold Box Gasado,Cold Box 4,Silica, 21 , 1 ,peça,1,1,8,0, 8 , 8 , 3 , 20 ,8/29/2025,9/2/2025
145823,9/4/2025,2,4689,2,114,Pep Set,Carrossel,Silica,2.665, 1.00 ,peça,2,1,8,0,8, 4 , 1 , 5 ,8/29/2025,9/2/2025
145876,9/4/2025,2,4690,1,113,Cold Box Gasado,Cold Box 4,Silica,21, 1.00 ,peça,1,1,8,0,8, 8 , 3 , 20 ,8/29/2025,9/2/2025
145876,9/4/2025,2,4690,2,114,Pep Set,Carrossel,Silica,2.665, 1.00 ,peça,2,1,8,0,8, 4 , 1 , 5 ,8/29/2025,9/2/2025
145723,9/4/2025,3,4805,1,2690,Cold Box Gasado,Cold Box 4,Silica,3.294, 2.00 ,peça,1,1,8,0,16, 16 , 3 , 40 ,8/29/2025,9/2/2025
145723,9/4/2025,3,4805,2,2691,Cold Box Gasado,Cold Box 4,Silica, 3 , 2 ,peça,1,1,8,0, 16 , 16 , 3 , 40 ,8/29/2025,9/2/2025
145723,9/4/2025,3,4805,4,2693,Cold Box Soprado,Sopradora,Silica,0.93, 4.00 ,peça,4,1,8,0,32, 8 , 1 , 11 ,8/29/2025,9/2/2025
145723,9/4/2025,3,4805,5,2694,Pep Set,Vibrado,Silica, 77 , 1 ,peça,1,2,8,0, 8 , 8 , 28 , 224 ,8/29/2025,9/2/2025
145723,9/4/2025,3,4805,6,2695,Pep Set,Carrossel,Silica, 8 , 1 ,peça,1,1,8,0, 8 , 8 , 1 , 10 ,8/29/2025,9/2/2025
145723,9/4/2025,3,4805,7,2696,Pep Set,Carrossel,Silica, 8 , 1 ,peça,1,1,8,0, 8 , 8 , 1 , 10 ,8/29/2025,9/2/2025
145723,9/4/2025,3,4805,8,2697,Pep Set,Carrossel,Silica, 8 , 1 ,peça,1,1,8,0, 8 , 8 , 1 , 10 ,8/29/2025,9/2/2025
145723,9/4/2025,3,4805,9,2698,Pep Set,Carrossel,Silica, 8 , 1 ,peça,1,1,8,0, 8 , 8 , 1 , 10 ,8/29/2025,9/2/2025
146711,9/4/2025,4,4194,1,2217,Pep Set,Chão,Silica,32.5, 1.00 ,peça,1,1,7,0,7, 7 , 15 , 105 ,8/29/2025,9/2/2025
146711,9/4/2025,4,4194,2,2218,Pep Set,Carrossel,Silica, 4 , 1 ,peça,1,1,7,0, 7 , 7 , 1 , 9 ,8/29/2025,9/2/2025
146711,9/4/2025,4,4194,3,2219,Pep Set,Carrossel,Silica, 2 , 1 ,peça,1,1,7,0, 7 , 7 , 1 , 9 ,8/29/2025,9/2/2025
146711,9/4/2025,4,4194,4,2220,Pep Set,Carrossel,Silica,0.6, 1.00 ,peça,1,1,7,0,7, 7 , 1 , 9 ,8/29/2025,9/2/2025
146714,9/4/2025,4,4031,1,2367,Pep Set,Chão,Silica,32.5, 1.00 ,peça,1,1,7,0,7, 7 , 15 , 105 ,8/29/2025,9/2/2025
146714,9/4/2025,4,4031,2,2218,Pep Set,Carrossel,Silica,4, 1.00 ,peça,1,1,7,0,7, 7 , 1 , 9 ,8/29/2025,9/2/2025
146714,9/4/2025,4,4031,3,2368,Pep Set,Carrossel,Silica, 2 , 1 ,peça,1,1,7,0, 7 , 7 , 1 , 9 ,8/29/2025,9/2/2025
146714,9/4/2025,4,4031,4,2369,Pep Set,Carrossel,Silica, 1 , 1 ,peça,1,1,7,0, 7 , 7 , 1 , 9 ,8/29/2025,9/2/2025
145808,9/4/2025,5,4683,1,2589,Pep Set,Chão,Silica, 5 , 1 ,peça,1,1,24,0, 24 , 24 , 15 , 360 ,8/29/2025,9/2/2025
145808,9/4/2025,5,4683,2,2590,Pep Set,Carrossel,Silica,2.62, 1.00 ,peça,1,1,24,0,24, 24 , 1 , 30 ,8/29/2025,9/2/2025
145808,9/4/2025,5,4683,3,2591,Pep Set,Carrossel,Silica, 3 , 1 ,peça,1,1,24,0, 24 , 24 , 1 , 30 ,8/29/2025,9/2/2025
145808,9/4/2025,5,4683,4,2592,Pep Set,Carrossel,Silica, 1 , 2 ,peça,1,1,24,0, 48 , 48 , 1 , 60 ,8/29/2025,9/2/2025
145793,9/4/2025,6,4339,1,828,Pep Set,Chão,Silica,20, 1.00 ,peça,1,1,12,0,12, 12 , 15 , 180 ,8/29/2025,9/2/2025
145793,9/4/2025,6,4339,2,836,Pep Set,Carrossel,Silica, 27 , 1 ,peça,1,1,12,0, 12 , 12 , 1 , 15 ,8/29/2025,9/2/2025
145793,9/4/2025,6,4339,3,837,Cold Box Gasado,Cold Box Pequena,Silica, 6 , 1 ,peça,1,1,12,0, 12 , 12 , 3 , 30 ,8/29/2025,9/2/2025
145793,9/4/2025,6,4339,4,838,Cold Box Gasado,Cold Box Pequena,Silica, 6 , 1 ,peça,1,1,12,0, 12 , 12 , 3 , 30 ,8/29/2025,9/2/2025
145793,9/4/2025,6,4339,5,832,Pep Set,Carrossel,Silica,1.45, 1.00 ,peça,1,2,12,0,12, 12 , 1 , 15 ,8/29/2025,9/2/2025
145793,9/4/2025,6,4339,6,840,Cold Box Soprado,Sopradora,Silica,1.56, 1.00 ,peça,4,1,12,0,12, 3 , 1 , 4 ,8/29/2025,9/2/2025
145793,9/4/2025,6,4339,7,834,Cold Box Soprado,Sopradora,Silica, 1 , 1 ,peça,4,1,12,0, 12 , 3 , 1 , 4 ,8/29/2025,9/2/2025
145793,9/4/2025,6,4339,8,2215,Pep Set,Carrossel,Silica,5.04, 1.00 ,peça,1,1,12,0,12, 12 , 1 , 15 ,8/29/2025,9/2/2025
145288,9/4/2025,7,944,1,99,Pep Set,Carrossel,Silica, 9 , 1 ,peça,1,1,16,0, 16 , 16 , 1 , 20 ,8/29/2025,9/2/2025
145288,9/4/2025,7,944,6,840,Cold Box Soprado,Sopradora,Silica, 2 , 1 ,peça,4,1,16,0, 16 , 4 , 1 , 6 ,8/29/2025,9/2/2025
145288,9/4/2025,7,944,3,101,Cold Box Soprado,Sopradora,Silica, 1 , 1 ,peça,4,1,16,0, 16 , 4 , 1 , 6 ,8/29/2025,9/2/2025
146080,9/4/2025,8,947,1,87,Pep Set,Carrossel,Silica, 22 , 1 ,peça,1,2,20,0, 20 , 20 , 1 , 25 ,8/29/2025,9/2/2025
146080,9/4/2025,8,947,2,88,Pep Set,Carrossel,Silica, 16 , 1 ,peça,1,2,20,0, 20 , 20 , 1 , 25 ,8/29/2025,9/2/2025
146080,9/4/2025,8,947,3,89,Pep Set,Carrossel,Silica, 9 , 1 ,peça,1,2,20,0, 20 , 20 , 1 , 25 ,8/29/2025,9/2/2025
146080,9/4/2025,8,947,4,94,Pep Set,Carrossel,Silica, 5 , 1 ,peça,1,2,20,0, 20 , 20 , 1 , 25 ,8/29/2025,9/2/2025
145824,9/4/2025,9,4689,1,113,Cold Box Gasado,Cold Box 4,Silica, 21 , 1 ,peça,1,1,8,0, 8 , 8 , 3 , 20 ,8/29/2025,9/2/2025
145824,9/4/2025,9,4689,2,114,Pep Set,Carrossel,Silica,2.665, 1.00 ,peça,2,1,8,0,8, 4 , 1 , 5 ,8/29/2025,9/2/2025
145824,9/4/2025,9,4689,3,115,Cold Box Gasado,Cold Box Pequena,Silica, 3 , 1 ,peça,1,1,8,0, 8 , 8 , 3 , 20 ,8/29/2025,9/2/2025
145877,9/4/2025,9,4690,1,113,Cold Box Gasado,Cold Box 4,Silica, 21 , 1 ,peça,1,1,8,0, 8 , 8 , 3 , 20 ,8/29/2025,9/2/2025
145877,9/4/2025,9,4690,2,114,Pep Set,Carrossel,Silica, 3 , 1 ,peça,2,1,8,0, 8 , 4 , 1 , 5 ,8/29/2025,9/2/2025
145877,9/4/2025,9,4690,3,98,Cold Box Gasado,Cold Box Pequena,Silica, 3 , 1 ,peça,1,1,8,0, 8 , 8 , 3 , 20 ,8/29/2025,9/2/2025
145590,9/4/2025,10,4748,1,2647,Pep Set,Carrossel,Silica,13.6, 1.00 ,peça,1,1,32,0,32, 32 , 1 , 40 ,8/29/2025,9/2/2025
144881,9/4/2025,11,4759,1,2675,Pep Set,Carrossel,Silica, 30 , 1 ,peça,1,1,6,0, 6 , 6 , 1 , 8 ,8/29/2025,9/2/2025
144881,9/4/2025,11,4759,2,2676,Pep Set,Carrossel,Silica, 29 , 1 ,peça,1,1,6,0, 6 , 6 , 1 , 8 ,8/29/2025,9/2/2025
144881,9/4/2025,11,4759,3,2677,Pep Set,Carrossel,Silica, 24 , 1 ,peça,1,1,6,0, 6 , 6 , 1 , 8 ,8/29/2025,9/2/2025
144881,9/4/2025,11,4759,4,2678,Pep Set,Carrossel,Silica, 14 , 1 ,peça,1,1,6,0, 6 , 6 , 1 , 8 ,8/29/2025,9/2/2025
144881,9/4/2025,11,4759,5,2679,Pep Set,Carrossel,Silica,14.5, 1.00 ,peça,1,1,6,0,6, 6 , 1 , 8 ,8/29/2025,9/2/2025
144881,9/4/2025,11,4759,6,2680,Pep Set,Carrossel,Silica, 13 , 1 ,peça,1,1,6,0, 6 , 6 , 1 , 8 ,8/29/2025,9/2/2025
144881,9/4/2025,11,4759,7,2681,Pep Set,Carrossel,Silica,12.5, 1.00 ,peça,1,1,6,0,6, 6 , 1 , 8 ,8/29/2025,9/2/2025
144881,9/4/2025,11,4759,8,2682,Pep Set,Carrossel,Silica,10.8, 1.00 ,peça,1,1,6,0,6, 6 , 1 , 8 ,8/29/2025,9/2/2025
144881,9/4/2025,11,4759,9,2683,Pep Set,Carrossel,Silica,10.5, 1.00 ,peça,1,1,6,0,6, 6 , 1 , 8 ,8/29/2025,9/2/2025
144881,9/4/2025,11,4759,10,2684,Pep Set,Carrossel,Silica, 10 , 1 ,peça,1,1,6,0, 6 , 6 , 1 , 8 ,8/29/2025,9/2/2025
144881,9/4/2025,11,4759,11,2685,Pep Set,Carrossel,Silica, 10 , 1 ,peça,1,1,6,0, 6 , 6 , 1 , 8 ,8/29/2025,9/2/2025
146615,9/4/2025,12,2138,24,2908,Cold Box Gasado,Cold Box Pequena,Silica, 10 , 1 ,Molde,2,1,210,0, 15 , 8 , 3 , 19 ,8/29/2025,9/2/2025
146160,9/4/2025,13,2671,23,2907,Cold Box Gasado,Cold Box Pequena,Silica,10.4, 1.00 ,Molde,2,1,238,0,17, 9 , 3 , 21 ,8/29/2025,9/2/2025
145724,9/4/2025,14,4805,1,2690,Cold Box Gasado,Cold Box 4,Silica, 3 , 2 ,peça,1,1,8,0, 16 , 16 , 3 , 40 ,8/29/2025,9/2/2025
145724,9/4/2025,14,4805,2,2691,Cold Box Gasado,Cold Box 4,Silica, 3 , 2 ,peça,1,1,8,0, 16 , 16 , 3 , 40 ,8/29/2025,9/2/2025
145724,9/4/2025,14,4805,4,2693,Cold Box Soprado,Sopradora,Silica, 1 , 4 ,peça,4,1,8,0, 32 , 8 , 1 , 11 ,8/29/2025,9/2/2025
145724,9/4/2025,14,4805,5,2694,Pep Set,Vibrado,Silica, 77 , 1 ,peça,1,2,8,0, 8 , 8 , 28 , 224 ,8/29/2025,9/2/2025
145724,9/4/2025,14,4805,6,2695,Pep Set,Carrossel,Silica, 8 , 1 ,peça,1,1,8,0, 8 , 8 , 1 , 10 ,8/29/2025,9/2/2025
145724,9/4/2025,14,4805,7,2696,Pep Set,Carrossel,Silica, 8 , 1 ,peça,1,1,8,0, 8 , 8 , 1 , 10 ,8/29/2025,9/2/2025
145724,9/4/2025,14,4805,8,2697,Pep Set,Carrossel,Silica,7.68, 1.00 ,peça,1,1,8,0,8, 8 , 1 , 10 ,8/29/2025,9/2/2025
145724,9/4/2025,14,4805,9,2698,Pep Set,Carrossel,Silica,7.68, 1.00 ,peça,1,1,8,0,8, 8 , 1 , 10 ,8/29/2025,9/2/2025
145974,9/4/2025,16,4860,30,2926,Pep Set,Carrossel,Silica,, 1 ,Lote,1,1,12,0, 1 , 1 , 1 , 1 ,8/29/2025,9/2/2025
146336,9/4/2025,17,1724,1,916,Pep Set,Chão,Silica, 116 , 1 ,peça,1,1,8,0, 8 , 8 , 15 , 120 ,8/29/2025,9/2/2025
145596,9/5/2025,2,276,1,179,Shell,Shell, Shell b4,0.04, 1.00 ,peça,2,1,1200,0,1200, 600 , -   , -   ,9/1/2025,9/3/2025
145774,9/5/2025,3,4054,1,828,Pep Set,Chão,Silica, 20 , 1 ,peça,1,2,12,0, 12 , 12 , 15 , 180 ,9/1/2025,9/3/2025
145774,9/5/2025,3,4054,2,829,Pep Set,Carrossel,Silica,27.4, 1.00 ,peça,1,1,12,0,12, 12 , 1 , 15 ,9/1/2025,9/3/2025
145774,9/5/2025,3,4054,3,830,Pep Set,Carrossel,Silica, 6 , 1 ,peça,1,1,12,0, 12 , 12 , 1 , 15 ,9/1/2025,9/3/2025
145774,9/5/2025,3,4054,4,831,Pep Set,Carrossel,Silica, 6 , 1 ,peça,1,1,12,0, 12 , 12 , 1 , 15 ,9/1/2025,9/3/2025
145774,9/5/2025,3,4054,5,839,Pep Set,Carrossel,Silica, 1 , 1 ,peça,1,2,12,0, 12 , 12 , 1 , 15 ,9/1/2025,9/3/2025
145774,9/5/2025,3,4054,6,840,Cold Box Soprado,Sopradora,Silica, 2 , 1 ,peça,4,1,12,0, 12 , 3 , 1 , 4 ,9/1/2025,9/3/2025
145774,9/5/2025,3,4054,7,834,Cold Box Soprado,Sopradora,Silica, 1 , 1 ,peça,4,1,12,0, 12 , 3 , 1 , 4 ,9/1/2025,9/3/2025
146124,9/5/2025,4,4823,1,2575,Cold Box Soprado,Sopradora,Silica,1.04, 2.00 ,peça,2,1,10,0,20, 10 , 1 , 14 ,9/1/2025,9/3/2025
146124,9/5/2025,4,4823,2,2576,Cold Box Soprado,Sopradora,Silica,0.7, 1.00 ,peça,1,1,10,0,10, 10 , 1 , 14 ,9/1/2025,9/3/2025
146124,9/5/2025,4,4823,3,2577,Cold Box Soprado,Sopradora,Silica, 1 , 2 ,peça,4,1,10,0, 20 , 5 , 1 , 7 ,9/1/2025,9/3/2025
145825,9/5/2025,5,4689,1,113,Cold Box Gasado,Cold Box 4,Silica, 21 , 1 ,peça,1,1,8,0, 8 , 8 , 3 , 20 ,9/1/2025,9/3/2025
145825,9/5/2025,5,4689,2,114,Pep Set,Carrossel,Silica, 3 , 1 ,peça,2,1,8,0, 8 , 4 , 1 , 5 ,9/1/2025,9/3/2025
145825,9/5/2025,5,4689,3,115,Cold Box Gasado,Cold Box Pequena,Silica,3.025, 1.00 ,peça,1,1,8,0,8, 8 , 3 , 20 ,9/1/2025,9/3/2025
145825,9/5/2025,5,4689,4,386,Cold Box Soprado,Sopradora,Silica, 1 , 1 ,peça,4,1,8,0, 8 , 2 , 1 , 3 ,9/1/2025,9/3/2025
145825,9/5/2025,5,4689,20,2629,Cold Box Soprado,Sopradora,Silica, 2 , 1 ,peça,3,1,8,0, 6 , 2 , 1 , 3 ,9/1/2025,9/3/2025
145878,9/5/2025,5,4690,1,113,Cold Box Gasado,Cold Box 4,Silica, 21 , 1 ,peça,1,1,8,0, 8 , 8 , 3 , 20 ,9/1/2025,9/3/2025
145878,9/5/2025,5,4690,2,114,Pep Set,Carrossel,Silica, 3 , 1 ,peça,2,1,8,0, 8 , 4 , 1 , 5 ,9/1/2025,9/3/2025
145878,9/5/2025,5,4690,3,98,Cold Box Gasado,Cold Box Pequena,Silica, 3 , 1 ,peça,1,1,8,0, 8 , 8 , 3 , 20 ,9/1/2025,9/3/2025
145878,9/5/2025,5,4690,4,385,Cold Box Soprado,Sopradora,Silica,0.625, 1.00 ,peça,4,1,8,0,8, 2 , 1 , 3 ,9/1/2025,9/3/2025
145878,9/5/2025,5,4690,20,2629,Cold Box Soprado,Sopradora,Silica, 2 , 1 ,peça,3,1,8,0, 6 , 2 , 1 , 3 ,9/1/2025,9/3/2025
145725,9/5/2025,6,4805,1,2690,Cold Box Gasado,Cold Box 4,Silica,3.294, 2.00 ,peça,1,1,8,0,16, 16 , 3 , 40 ,9/1/2025,9/3/2025
145725,9/5/2025,6,4805,2,2691,Cold Box Gasado,Cold Box 4,Silica,3.294, 2.00 ,peça,1,1,8,0,16, 16 , 3 , 40 ,9/1/2025,9/3/2025
145725,9/5/2025,6,4805,3,2692,Cold Box Soprado,Sopradora,Silica,3, 1.00 ,peça,2,1,8,0,8, 4 , 1 , 6 ,9/1/2025,9/3/2025
145725,9/5/2025,6,4805,4,2693,Cold Box Soprado,Sopradora,Silica,0.93, 4.00 ,peça,4,1,8,0,32, 8 , 1 , 11 ,9/1/2025,9/3/2025
145725,9/5/2025,6,4805,5,2694,Pep Set,Vibrado,Silica, 77 , 1 ,peça,1,2,8,0, 8 , 8 , 28 , 224 ,9/1/2025,9/3/2025
145725,9/5/2025,6,4805,6,2695,Pep Set,Carrossel,Silica,8.47, 1.00 ,peça,1,1,8,0,8, 8 , 1 , 10 ,9/1/2025,9/3/2025
145725,9/5/2025,6,4805,7,2696,Pep Set,Carrossel,Silica,8.47, 1.00 ,peça,1,1,8,0,8, 8 , 1 , 10 ,9/1/2025,9/3/2025
145725,9/5/2025,6,4805,8,2697,Pep Set,Carrossel,Silica, 8 , 1 ,peça,1,1,8,0, 8 , 8 , 1 , 10 ,9/1/2025,9/3/2025
145725,9/5/2025,6,4805,9,2698,Pep Set,Carrossel,Silica, 8 , 1 ,peça,1,1,8,0, 8 , 8 , 1 , 10 ,9/1/2025,9/3/2025
145725,9/5/2025,6,4805,20,2629,Cold Box Soprado,Sopradora,Silica, 2 , 2 ,peça,3,1,8,0, 12 , 4 , 1 , 6 ,9/1/2025,9/3/2025
146510,9/5/2025,7,2172,1,1293,Pep Set,Chão,Silica areia nova, 36 , 1 ,peça,1,1,10,0, 10 , 10 , 15 , 150 ,9/1/2025,9/3/2025
146510,9/5/2025,7,2172,2,1325,Pep Set,Chão,Silica areia nova,32.5, 1.00 ,peça,1,1,10,0,10, 10 , 15 , 150 ,9/1/2025,9/3/2025
146510,9/5/2025,7,2172,3,1326,Pep Set,Chão,Silica areia nova, 39 , 1 ,peça,1,1,10,0, 10 , 10 , 15 , 150 ,9/1/2025,9/3/2025
146510,9/5/2025,7,2172,4,1327,Pep Set,Chão,Silica areia nova, 13 , 1 ,peça,1,1,10,0, 10 , 10 , 15 , 150 ,9/1/2025,9/3/2025
146732,9/5/2025,7,3272,1,1328,Pep Set,Chão,Silica areia nova,35, 1.00 ,peça,1,1,2,0,2, 2 , 15 , 30 ,9/1/2025,9/3/2025
146732,9/5/2025,7,3272,2,1329,Pep Set,Chão,Silica areia nova, 25 , 1 ,peça,1,1,2,0, 2 , 2 , 15 , 30 ,9/1/2025,9/3/2025
146732,9/5/2025,7,3272,3,1330,Pep Set,Chão,Silica areia nova, 1 , 2 ,peça,2,1,2,0, 4 , 2 , 15 , 30 ,9/1/2025,9/3/2025
146732,9/5/2025,7,3272,20,2629,Cold Box Soprado,Sopradora,Silica,1.728, 3.00 ,peça,3,1,2,0,6, 2 , 1 , 3 ,9/1/2025,9/3/2025
146732,9/5/2025,7,3272,29,2925,Pep Set,Carrossel,Silica,, 1 ,Lote,1,1,2,0, 1 , 1 , 1 , 1 ,9/1/2025,9/3/2025
145826,9/5/2025,8,4689,1,113,Cold Box Gasado,Cold Box 4,Silica, 21 , 1 ,peça,1,1,8,0, 8 , 8 , 3 , 20 ,9/1/2025,9/3/2025
145826,9/5/2025,8,4689,2,114,Pep Set,Carrossel,Silica,2.665, 1.00 ,peça,2,1,8,0,8, 4 , 1 , 5 ,9/1/2025,9/3/2025
145826,9/5/2025,8,4689,3,115,Cold Box Gasado,Cold Box Pequena,Silica,3.025, 1.00 ,peça,1,1,8,0,8, 8 , 3 , 20 ,9/1/2025,9/3/2025
145826,9/5/2025,8,4689,4,386,Cold Box Soprado,Sopradora,Silica,0.625, 1.00 ,peça,4,1,8,0,8, 2 , 1 , 3 ,9/1/2025,9/3/2025
145826,9/5/2025,8,4689,20,2629,Cold Box Soprado,Sopradora,Silica, 2 , 1 ,peça,3,1,8,0, 6 , 2 , 1 , 3 ,9/1/2025,9/3/2025
145879,9/5/2025,8,4690,1,113,Cold Box Gasado,Cold Box 4,Silica, 21 , 1 ,peça,1,1,8,0, 8 , 8 , 3 , 20 ,9/1/2025,9/3/2025
145879,9/5/2025,8,4690,2,114,Pep Set,Carrossel,Silica, 3 , 1 ,peça,2,1,8,0, 8 , 4 , 1 , 5 ,9/1/2025,9/3/2025
145879,9/5/2025,8,4690,3,98,Cold Box Gasado,Cold Box Pequena,Silica, 3 , 1 ,peça,1,1,8,0, 8 , 8 , 3 , 20 ,9/1/2025,9/3/2025
145879,9/5/2025,8,4690,4,385,Cold Box Soprado,Sopradora,Silica, 1 , 1 ,peça,4,1,8,0, 8 , 2 , 1 , 3 ,9/1/2025,9/3/2025
145879,9/5/2025,8,4690,20,2629,Cold Box Soprado,Sopradora,Silica, 2 , 1 ,peça,3,1,8,0, 6 , 2 , 1 , 3 ,9/1/2025,9/3/2025
146660,9/5/2025,9,1793,22,2906,Cold Box Gasado,Cold Box Pequena,Silica, 8 , 1 ,Molde,2,1,322,0, 23 , 12 , 3 , 29 ,9/1/2025,9/3/2025
145726,9/5/2025,10,4805,1,2690,Cold Box Gasado,Cold Box 4,Silica, 3 , 2 ,peça,1,1,8,0, 16 , 16 , 3 , 40 ,9/1/2025,9/3/2025
145726,9/5/2025,10,4805,2,2691,Cold Box Gasado,Cold Box 4,Silica, 3 , 2 ,peça,1,1,8,0, 16 , 16 , 3 , 40 ,9/1/2025,9/3/2025
145726,9/5/2025,10,4805,3,2692,Cold Box Soprado,Sopradora,Silica, 3 , 1 ,peça,2,1,8,0, 8 , 4 , 1 , 6 ,9/1/2025,9/3/2025
145726,9/5/2025,10,4805,4,2693,Cold Box Soprado,Sopradora,Silica, 1 , 4 ,peça,4,1,8,0, 32 , 8 , 1 , 11 ,9/1/2025,9/3/2025
145726,9/5/2025,10,4805,5,2694,Pep Set,Vibrado,Silica, 77 , 1 ,peça,1,2,8,0, 8 , 8 , 28 , 224 ,9/1/2025,9/3/2025
145726,9/5/2025,10,4805,6,2695,Pep Set,Carrossel,Silica, 8 , 1 ,peça,1,1,8,0, 8 , 8 , 1 , 10 ,9/1/2025,9/3/2025
145726,9/5/2025,10,4805,7,2696,Pep Set,Carrossel,Silica, 8 , 1 ,peça,1,1,8,0, 8 , 8 , 1 , 10 ,9/1/2025,9/3/2025
145726,9/5/2025,10,4805,8,2697,Pep Set,Carrossel,Silica,7.68, 1.00 ,peça,1,1,8,0,8, 8 , 1 , 10 ,9/1/2025,9/3/2025
145726,9/5/2025,10,4805,9,2698,Pep Set,Carrossel,Silica, 8 , 1 ,peça,1,1,8,0, 8 , 8 , 1 , 10 ,9/1/2025,9/3/2025
145726,9/5/2025,10,4805,20,2629,Cold Box Soprado,Sopradora,Silica,1.728, 1.50 ,peça,3,1,8,0,12, 4 , 1 , 6 ,9/1/2025,9/3/2025
146294,9/5/2025,11,4683,1,2589,Pep Set,Chão,Silica, 5 , 1 ,peça,1,1,24,0, 24 , 24 , 15 , 360 ,9/1/2025,9/3/2025
146294,9/5/2025,11,4683,2,2590,Pep Set,Carrossel,Silica,2.62, 1.00 ,peça,1,1,24,0,24, 24 , 1 , 30 ,9/1/2025,9/3/2025
146294,9/5/2025,11,4683,3,2591,Pep Set,Carrossel,Silica, 3 , 1 ,peça,1,1,24,0, 24 , 24 , 1 , 30 ,9/1/2025,9/3/2025
146294,9/5/2025,11,4683,4,2592,Pep Set,Carrossel,Silica,1.1, 2.00 ,peça,1,1,24,0,48, 48 , 1 , 60 ,9/1/2025,9/3/2025
146334,9/5/2025,12,1799,1,925,Pep Set,Chão,Silica,125, 1.00 ,peça,1,1,8,0,8, 8 , 15 , 120 ,9/1/2025,9/3/2025
146287,9/5/2025,13,4372,1,1935,Pep Set,Carrossel,Silica, 16 , 1 ,peça,1,1,4,0, 4 , 4 , 1 , 5 ,9/1/2025,9/3/2025
146287,9/5/2025,13,4372,2,1936,Pep Set,Carrossel,Silica, 1 , 2 ,peça,1,1,4,0, 8 , 8 , 1 , 10 ,9/1/2025,9/3/2025
146287,9/5/2025,13,4372,12,2078,Cold Box Gasado,Cold Box Pequena,Silica,0.66, 2.00 ,peça,2,1,4,0,8, 4 , 3 , 10 ,9/1/2025,9/3/2025
146287,9/5/2025,13,4372,30,2926,Pep Set,Carrossel,Silica,, 1 ,Lote,1,1,4,0, 1 , 1 , 1 , 1 ,9/1/2025,9/3/2025
146341,9/5/2025,13,4810,30,2926,Pep Set,Carrossel,Silica,, 1.00 ,Lote,1,1,2,0,1, 1 , 1 , 1 ,9/1/2025,9/3/2025
146342,9/5/2025,13,2178,1,1301,Pep Set,Carrossel,Silica, 12 , 1 ,peça,1,1,8,0, 8 , 8 , 1 , 10 ,9/1/2025,9/3/2025
146342,9/5/2025,13,2178,30,2926,Pep Set,Carrossel,Silica,, 1 ,Lote,1,1,8,0, 1 , 1 , 1 , 1 ,9/1/2025,9/3/2025
146648,9/5/2025,13,1473,1,911,Pep Set,Chão,Silica, 56 , 1 ,peça,1,1,4,0, 4 , 4 , 15 , 60 ,9/1/2025,9/3/2025
146724,9/5/2025,14,2365,1,1170,Pep Set,Carrossel,Silica,15, 1.00 ,peça,1,1,2,0,2, 2 , 1 , 3 ,9/1/2025,9/3/2025
146616,9/5/2025,15,2138,24,2908,Cold Box Gasado,Cold Box Pequena,Silica,9.58, 1.00 ,Molde,2,1,210,0,15, 8 , 3 , 19 ,9/1/2025,9/3/2025
145827,9/5/2025,16,4689,1,113,Cold Box Gasado,Cold Box 4,Silica, 21 , 1 ,peça,1,1,8,0, 8 , 8 , 3 , 20 ,9/1/2025,9/3/2025
145827,9/5/2025,16,4689,2,114,Pep Set,Carrossel,Silica, 3 , 1 ,peça,2,1,8,0, 8 , 4 , 1 , 5 ,9/1/2025,9/3/2025
145827,9/5/2025,16,4689,3,115,Cold Box Gasado,Cold Box Pequena,Silica,3.025, 1.00 ,peça,1,1,8,0,8, 8 , 3 , 20 ,9/1/2025,9/3/2025
145827,9/5/2025,16,4689,4,386,Cold Box Soprado,Sopradora,Silica, 1 , 1 ,peça,4,1,8,0, 8 , 2 , 1 , 3 ,9/1/2025,9/3/2025
145827,9/5/2025,16,4689,20,2629,Cold Box Soprado,Sopradora,Silica, 2 , 1 ,peça,3,1,8,0, 6 , 2 , 1 , 3 ,9/1/2025,9/3/2025
145880,9/5/2025,16,4690,1,113,Cold Box Gasado,Cold Box 4,Silica, 21 , 1 ,peça,1,1,8,0, 8 , 8 , 3 , 20 ,9/1/2025,9/3/2025
145880,9/5/2025,16,4690,2,114,Pep Set,Carrossel,Silica, 3 , 1 ,peça,2,1,8,0, 8 , 4 , 1 , 5 ,9/1/2025,9/3/2025
145880,9/5/2025,16,4690,3,98,Cold Box Gasado,Cold Box Pequena,Silica, 3 , 1 ,peça,1,1,8,0, 8 , 8 , 3 , 20 ,9/1/2025,9/3/2025
145880,9/5/2025,16,4690,4,385,Cold Box Soprado,Sopradora,Silica, 1 , 1 ,peça,4,1,8,0, 8 , 2 , 1 , 3 ,9/1/2025,9/3/2025
145880,9/5/2025,16,4690,20,2629,Cold Box Soprado,Sopradora,Silica, 2 , 1 ,peça,3,1,8,0, 6 , 2 , 1 , 3 ,9/1/2025,9/3/2025
146353,9/5/2025,17,4563,30,2926,Pep Set,Carrossel,Silica,, 1 ,Lote,1,1,80,0, 1 , 1 , 1 , 1 ,9/1/2025,9/3/2025
145828,9/8/2025,1,4689,1,113,Cold Box Gasado,Cold Box 4,Silica, 21 , 1 ,peça,1,1,8,0, 8 , 8 , 3 , 20 ,9/2/2025,9/4/2025
145828,9/8/2025,1,4689,2,114,Pep Set,Carrossel,Silica, 3 , 1 ,peça,2,1,8,0, 8 , 4 , 1 , 5 ,9/2/2025,9/4/2025
145828,9/8/2025,1,4689,3,115,Cold Box Gasado,Cold Box Pequena,Silica, 3 , 1 ,peça,1,1,8,0, 8 , 8 , 3 , 20 ,9/2/2025,9/4/2025
145828,9/8/2025,1,4689,4,386,Cold Box Soprado,Sopradora,Silica, 1 , 1 ,peça,4,1,8,0, 8 , 2 , 1 , 3 ,9/2/2025,9/4/2025
145828,9/8/2025,1,4689,20,2629,Cold Box Soprado,Sopradora,Silica,1.728, 0.75 ,peça,3,1,8,0,6, 2 , 1 , 3 ,9/2/2025,9/4/2025
145881,9/8/2025,1,4690,1,113,Cold Box Gasado,Cold Box 4,Silica, 21 , 1 ,peça,1,1,8,0, 8 , 8 , 3 , 20 ,9/2/2025,9/4/2025
145881,9/8/2025,1,4690,2,114,Pep Set,Carrossel,Silica, 3 , 1 ,peça,2,1,8,0, 8 , 4 , 1 , 5 ,9/2/2025,9/4/2025
145881,9/8/2025,1,4690,3,98,Cold Box Gasado,Cold Box Pequena,Silica, 3 , 1 ,peça,1,1,8,0, 8 , 8 , 3 , 20 ,9/2/2025,9/4/2025
145881,9/8/2025,1,4690,4,385,Cold Box Soprado,Sopradora,Silica, 1 , 1 ,peça,4,1,8,0, 8 , 2 , 1 , 3 ,9/2/2025,9/4/2025
145881,9/8/2025,1,4690,20,2629,Cold Box Soprado,Sopradora,Silica, 2 , 1 ,peça,3,1,8,0, 6 , 2 , 1 , 3 ,9/2/2025,9/4/2025
145727,9/8/2025,2,4805,1,2690,Cold Box Gasado,Cold Box 4,Silica, 3 , 2 ,peça,1,1,8,0, 16 , 16 , 3 , 40 ,9/2/2025,9/4/2025
145727,9/8/2025,2,4805,2,2691,Cold Box Gasado,Cold Box 4,Silica, 3 , 2 ,peça,1,1,8,0, 16 , 16 , 3 , 40 ,9/2/2025,9/4/2025
145727,9/8/2025,2,4805,3,2692,Cold Box Soprado,Sopradora,Silica, 3 , 1 ,peça,2,1,8,0, 8 , 4 , 1 , 6 ,9/2/2025,9/4/2025
145727,9/8/2025,2,4805,4,2693,Cold Box Soprado,Sopradora,Silica, 1 , 4 ,peça,4,1,8,0, 32 , 8 , 1 , 11 ,9/2/2025,9/4/2025
145727,9/8/2025,2,4805,5,2694,Pep Set,Vibrado,Silica, 77 , 1 ,peça,1,2,8,0, 8 , 8 , 28 , 224 ,9/2/2025,9/4/2025
145727,9/8/2025,2,4805,6,2695,Pep Set,Carrossel,Silica, 8 , 1 ,peça,1,1,8,0, 8 , 8 , 1 , 10 ,9/2/2025,9/4/2025
145727,9/8/2025,2,4805,7,2696,Pep Set,Carrossel,Silica, 8 , 1 ,peça,1,1,8,0, 8 , 8 , 1 , 10 ,9/2/2025,9/4/2025
145727,9/8/2025,2,4805,8,2697,Pep Set,Carrossel,Silica, 8 , 1 ,peça,1,1,8,0, 8 , 8 , 1 , 10 ,9/2/2025,9/4/2025
145727,9/8/2025,2,4805,9,2698,Pep Set,Carrossel,Silica,7.68, 1.00 ,peça,1,1,8,0,8, 8 , 1 , 10 ,9/2/2025,9/4/2025
145727,9/8/2025,2,4805,20,2629,Cold Box Soprado,Sopradora,Silica, 2 , 2 ,peça,3,1,8,0, 12 , 4 , 1 , 6 ,9/2/2025,9/4/2025
145259,9/8/2025,3,5134,1,2919,Pep Set,Carrossel,Silica, 9 , 1 ,peça,1,1,16,0, 16 , 16 , 1 , 20 ,9/2/2025,9/4/2025
145259,9/8/2025,3,5134,6,840,Cold Box Soprado,Sopradora,Silica,1.56, 1.00 ,peça,4,1,16,0,16, 4 , 1 , 6 ,9/2/2025,9/4/2025
145259,9/8/2025,3,5134,7,834,Cold Box Soprado,Sopradora,Silica,1.16, 1.00 ,peça,4,1,16,0,16, 4 , 1 , 6 ,9/2/2025,9/4/2025
145259,9/8/2025,3,5134,20,2629,Cold Box Soprado,Sopradora,Silica, 2 , 2 ,peça,3,1,16,0, 24 , 8 , 1 , 11 ,9/2/2025,9/4/2025
146337,9/8/2025,4,1725,1,921,Pep Set,Chão,Silica, 95 , 1 ,peça,1,1,6,0, 6 , 6 , 15 , 90 ,9/2/2025,9/4/2025
145829,9/8/2025,5,4689,1,113,Cold Box Gasado,Cold Box 4,Silica, 21 , 1 ,peça,1,1,8,0, 8 , 8 , 3 , 20 ,9/2/2025,9/4/2025
145829,9/8/2025,5,4689,2,114,Pep Set,Carrossel,Silica, 3 , 1 ,peça,2,1,8,0, 8 , 4 , 1 , 5 ,9/2/2025,9/4/2025
145829,9/8/2025,5,4689,3,115,Cold Box Gasado,Cold Box Pequena,Silica,3.025, 1.00 ,peça,1,1,8,0,8, 8 , 3 , 20 ,9/2/2025,9/4/2025
145829,9/8/2025,5,4689,4,386,Cold Box Soprado,Sopradora,Silica, 1 , 1 ,peça,4,1,8,0, 8 , 2 , 1 , 3 ,9/2/2025,9/4/2025
145829,9/8/2025,5,4689,20,2629,Cold Box Soprado,Sopradora,Silica,1.728, 0.75 ,peça,3,1,8,0,6, 2 , 1 , 3 ,9/2/2025,9/4/2025
145882,9/8/2025,5,4690,1,113,Cold Box Gasado,Cold Box 4,Silica, 21 , 1 ,peça,1,1,8,0, 8 , 8 , 3 , 20 ,9/2/2025,9/4/2025
145882,9/8/2025,5,4690,2,114,Pep Set,Carrossel,Silica, 3 , 1 ,peça,2,1,8,0, 8 , 4 , 1 , 5 ,9/2/2025,9/4/2025
145882,9/8/2025,5,4690,3,98,Cold Box Gasado,Cold Box Pequena,Silica, 3 , 1 ,peça,1,1,8,0, 8 , 8 , 3 , 20 ,9/2/2025,9/4/2025
145882,9/8/2025,5,4690,4,385,Cold Box Soprado,Sopradora,Silica, 1 , 1 ,peça,4,1,8,0, 8 , 2 , 1 , 3 ,9/2/2025,9/4/2025
145882,9/8/2025,5,4690,20,2629,Cold Box Soprado,Sopradora,Silica, 2 , 1 ,peça,3,1,8,0, 6 , 2 , 1 , 3 ,9/2/2025,9/4/2025
145674,9/8/2025,6,4822,1,2612,Cold Box Soprado,Sopradora,Silica, 0 , 2 ,peça,6,1,12,0, 24 , 4 , 1 , 6 ,9/2/2025,9/4/2025
145674,9/8/2025,6,4822,2,2574,Cold Box Soprado,Sopradora,Silica, 0 , 2 ,peça,6,1,12,0, 24 , 4 , 1 , 6 ,9/2/2025,9/4/2025
145728,9/8/2025,7,4805,1,2690,Cold Box Gasado,Cold Box 4,Silica,3.294, 2.00 ,peça,1,1,8,0,16, 16 , 3 , 40 ,9/2/2025,9/4/2025
145728,9/8/2025,7,4805,2,2691,Cold Box Gasado,Cold Box 4,Silica, 3 , 2 ,peça,1,1,8,0, 16 , 16 , 3 , 40 ,9/2/2025,9/4/2025
145728,9/8/2025,7,4805,3,2692,Cold Box Soprado,Sopradora,Silica,3, 1.00 ,peça,2,1,8,0,8, 4 , 1 , 6 ,9/2/2025,9/4/2025
145728,9/8/2025,7,4805,4,2693,Cold Box Soprado,Sopradora,Silica,0.93, 4.00 ,peça,4,1,8,0,32, 8 , 1 , 11 ,9/2/2025,9/4/2025
145728,9/8/2025,7,4805,5,2694,Pep Set,Vibrado,Silica,76.5, 1.00 ,peça,1,2,8,0,8, 8 , 28 , 224 ,9/2/2025,9/4/2025
145728,9/8/2025,7,4805,6,2695,Pep Set,Carrossel,Silica, 8 , 1 ,peça,1,1,8,0, 8 , 8 , 1 , 10 ,9/2/2025,9/4/2025
145728,9/8/2025,7,4805,7,2696,Pep Set,Carrossel,Silica, 8 , 1 ,peça,1,1,8,0, 8 , 8 , 1 , 10 ,9/2/2025,9/4/2025
145728,9/8/2025,7,4805,8,2697,Pep Set,Carrossel,Silica,7.68, 1.00 ,peça,1,1,8,0,8, 8 , 1 , 10 ,9/2/2025,9/4/2025
145728,9/8/2025,7,4805,9,2698,Pep Set,Carrossel,Silica, 8 , 1 ,peça,1,1,8,0, 8 , 8 , 1 , 10 ,9/2/2025,9/4/2025
145728,9/8/2025,7,4805,20,2629,Cold Box Soprado,Sopradora,Silica, 2 , 2 ,peça,3,1,8,0, 12 , 4 , 1 , 6 ,9/2/2025,9/4/2025
145830,9/8/2025,8,4689,1,113,Cold Box Gasado,Cold Box 4,Silica, 21 , 1 ,peça,1,1,8,0, 8 , 8 , 3 , 20 ,9/2/2025,9/4/2025
145830,9/8/2025,8,4689,2,114,Pep Set,Carrossel,Silica, 3 , 1 ,peça,2,1,8,0, 8 , 4 , 1 , 5 ,9/2/2025,9/4/2025
145830,9/8/2025,8,4689,3,115,Cold Box Gasado,Cold Box Pequena,Silica,3.025, 1.00 ,peça,1,1,8,0,8, 8 , 3 , 20 ,9/2/2025,9/4/2025
145830,9/8/2025,8,4689,4,386,Cold Box Soprado,Sopradora,Silica,0.625, 1.00 ,peça,4,1,8,0,8, 2 , 1 , 3 ,9/2/2025,9/4/2025
145830,9/8/2025,8,4689,20,2629,Cold Box Soprado,Sopradora,Silica,1.728, 0.75 ,peça,3,1,8,0,6, 2 , 1 , 3 ,9/2/2025,9/4/2025
145883,9/8/2025,8,4690,1,113,Cold Box Gasado,Cold Box 4,Silica, 21 , 1 ,peça,1,1,8,0, 8 , 8 , 3 , 20 ,9/2/2025,9/4/2025
145883,9/8/2025,8,4690,2,114,Pep Set,Carrossel,Silica,2.665, 1.00 ,peça,2,1,8,0,8, 4 , 1 , 5 ,9/2/2025,9/4/2025
145883,9/8/2025,8,4690,3,98,Cold Box Gasado,Cold Box Pequena,Silica,3.025, 1.00 ,peça,1,1,8,0,8, 8 , 3 , 20 ,9/2/2025,9/4/2025
145883,9/8/2025,8,4690,4,385,Cold Box Soprado,Sopradora,Silica, 1 , 1 ,peça,4,1,8,0, 8 , 2 , 1 , 3 ,9/2/2025,9/4/2025
145883,9/8/2025,8,4690,20,2629,Cold Box Soprado,Sopradora,Silica, 2 , 1 ,peça,3,1,8,0, 6 , 2 , 1 , 3 ,9/2/2025,9/4/2025
145588,9/8/2025,9,4396,1,2302,Cold Box Soprado,Sopradora,Silica, 11 , 1 ,peça,1,1,48,0, 48 , 48 , 1 , 68 ,9/2/2025,9/4/2025
146679,9/8/2025,10,2133,23,2907,Cold Box Gasado,Cold Box Pequena,Silica,10.4, 1.00 ,Molde,2,1,432,0,16, 8 , 3 , 20 ,9/2/2025,9/4/2025
145457,9/8/2025,11,5155,1,2909,Pep Set,Carrossel,Silica, 5 , 1 ,Molde,1,1,216,0, 12 , 12 , 1 , 15 ,9/2/2025,9/4/2025
146617,9/8/2025,12,2138,24,2908,Cold Box Gasado,Cold Box Pequena,Silica,9.58, 1.00 ,Molde,2,1,210,0,15, 8 , 3 , 19 ,9/2/2025,9/4/2025
146297,9/8/2025,13,4748,1,2647,Pep Set,Carrossel,Silica, 14 , 1 ,peça,1,1,32,0, 32 , 32 , 1 , 40 ,9/2/2025,9/4/2025
144935,9/8/2025,14,4759,1,2675,Pep Set,Carrossel,Silica,30, 1.00 ,peça,1,1,6,0,6, 6 , 1 , 8 ,9/2/2025,9/4/2025
144935,9/8/2025,14,4759,2,2676,Pep Set,Carrossel,Silica, 29 , 1 ,peça,1,1,6,0, 6 , 6 , 1 , 8 ,9/2/2025,9/4/2025
144935,9/8/2025,14,4759,3,2677,Pep Set,Carrossel,Silica,24, 1.00 ,peça,1,1,6,0,6, 6 , 1 , 8 ,9/2/2025,9/4/2025
144935,9/8/2025,14,4759,4,2678,Pep Set,Carrossel,Silica, 14 , 1 ,peça,1,1,6,0, 6 , 6 , 1 , 8 ,9/2/2025,9/4/2025
144935,9/8/2025,14,4759,5,2679,Pep Set,Carrossel,Silica, 15 , 1 ,peça,1,1,6,0, 6 , 6 , 1 , 8 ,9/2/2025,9/4/2025
144935,9/8/2025,14,4759,6,2680,Pep Set,Carrossel,Silica, 13 , 1 ,peça,1,1,6,0, 6 , 6 , 1 , 8 ,9/2/2025,9/4/2025
144935,9/8/2025,14,4759,7,2681,Pep Set,Carrossel,Silica, 13 , 1 ,peça,1,1,6,0, 6 , 6 , 1 , 8 ,9/2/2025,9/4/2025
144935,9/8/2025,14,4759,8,2682,Pep Set,Carrossel,Silica, 11 , 1 ,peça,1,1,6,0, 6 , 6 , 1 , 8 ,9/2/2025,9/4/2025
144935,9/8/2025,14,4759,9,2683,Pep Set,Carrossel,Silica, 11 , 1 ,peça,1,1,6,0, 6 , 6 , 1 , 8 ,9/2/2025,9/4/2025
144935,9/8/2025,14,4759,10,2684,Pep Set,Carrossel,Silica, 10 , 1 ,peça,1,1,6,0, 6 , 6 , 1 , 8 ,9/2/2025,9/4/2025
144935,9/8/2025,14,4759,11,2685,Pep Set,Carrossel,Silica,9.6, 1.00 ,peça,1,1,6,0,6, 6 , 1 , 8 ,9/2/2025,9/4/2025
144935,9/8/2025,14,4759,20,2629,Cold Box Soprado,Sopradora,Silica, 2 , 3 ,peça,3,1,6,0, 18 , 6 , 1 , 9 ,9/2/2025,9/4/2025
146197,9/8/2025,16,4758,1,2667,Pep Set,Carrossel,Silica, 24 , 1 ,peça,1,1,14,0, 14 , 14 , 1 , 18 ,9/2/2025,9/4/2025
146197,9/8/2025,16,4758,2,2668,Pep Set,Carrossel,Silica, 32 , 1 ,peça,1,1,14,0, 14 , 14 , 1 , 18 ,9/2/2025,9/4/2025
146197,9/8/2025,16,4758,3,2669,Pep Set,Carrossel,Silica, 23 , 1 ,peça,1,1,14,0, 14 , 14 , 1 , 18 ,9/2/2025,9/4/2025
146197,9/8/2025,16,4758,4,2670,Pep Set,Carrossel,Silica, 11 , 1 ,peça,1,1,14,0, 14 , 14 , 1 , 18 ,9/2/2025,9/4/2025
146197,9/8/2025,16,4758,5,2671,Pep Set,Carrossel,Silica,9.5, 1.00 ,peça,1,1,14,0,14, 14 , 1 , 18 ,9/2/2025,9/4/2025
146197,9/8/2025,16,4758,6,2672,Pep Set,Carrossel,Silica, 10 , 1 ,peça,1,1,14,0, 14 , 14 , 1 , 18 ,9/2/2025,9/4/2025
146197,9/8/2025,16,4758,7,2673,Pep Set,Carrossel,Silica, 4 , 1 ,peça,1,1,14,0, 14 , 14 , 1 , 18 ,9/2/2025,9/4/2025
146197,9/8/2025,16,4758,20,2629,Cold Box Soprado,Sopradora,Silica, 2 , 2 ,peça,3,1,14,0, 21 , 7 , 1 , 10 ,9/2/2025,9/4/2025
145831,9/9/2025,1,4689,1,113,Cold Box Gasado,Cold Box 4,Silica,21, 1.00 ,peça,1,1,8,0,8, 8 , 3 , 20 ,9/3/2025,9/5/2025
145831,9/9/2025,1,4689,2,114,Pep Set,Carrossel,Silica, 3 , 1 ,peça,2,1,8,0, 8 , 4 , 1 , 5 ,9/3/2025,9/5/2025
145831,9/9/2025,1,4689,3,115,Cold Box Gasado,Cold Box Pequena,Silica,3.025, 1.00 ,peça,1,1,8,0,8, 8 , 3 , 20 ,9/3/2025,9/5/2025
145831,9/9/2025,1,4689,4,386,Cold Box Soprado,Sopradora,Silica, 1 , 1 ,peça,4,1,8,0, 8 , 2 , 1 , 3 ,9/3/2025,9/5/2025
145831,9/9/2025,1,4689,20,2629,Cold Box Soprado,Sopradora,Silica,1.728, 0.75 ,peça,3,1,8,0,6, 2 , 1 , 3 ,9/3/2025,9/5/2025
145884,9/9/2025,1,4690,1,113,Cold Box Gasado,Cold Box 4,Silica, 21 , 1 ,peça,1,1,8,0, 8 , 8 , 3 , 20 ,9/3/2025,9/5/2025
145884,9/9/2025,1,4690,2,114,Pep Set,Carrossel,Silica,2.665, 1.00 ,peça,2,1,8,0,8, 4 , 1 , 5 ,9/3/2025,9/5/2025
145884,9/9/2025,1,4690,3,98,Cold Box Gasado,Cold Box Pequena,Silica, 3 , 1 ,peça,1,1,8,0, 8 , 8 , 3 , 20 ,9/3/2025,9/5/2025
145884,9/9/2025,1,4690,4,385,Cold Box Soprado,Sopradora,Silica, 1 , 1 ,peça,4,1,8,0, 8 , 2 , 1 , 3 ,9/3/2025,9/5/2025
145884,9/9/2025,1,4690,20,2629,Cold Box Soprado,Sopradora,Silica, 2 , 1 ,peça,3,1,8,0, 6 , 2 , 1 , 3 ,9/3/2025,9/5/2025
145729,9/9/2025,2,4805,1,2690,Cold Box Gasado,Cold Box 4,Silica, 3 , 2 ,peça,1,1,8,0, 16 , 16 , 3 , 40 ,9/3/2025,9/5/2025
145729,9/9/2025,2,4805,2,2691,Cold Box Gasado,Cold Box 4,Silica, 3 , 2 ,peça,1,1,8,0, 16 , 16 , 3 , 40 ,9/3/2025,9/5/2025
145729,9/9/2025,2,4805,3,2692,Cold Box Soprado,Sopradora,Silica, 3 , 1 ,peça,2,1,8,0, 8 , 4 , 1 , 6 ,9/3/2025,9/5/2025
145729,9/9/2025,2,4805,4,2693,Cold Box Soprado,Sopradora,Silica, 1 , 4 ,peça,4,1,8,0, 32 , 8 , 1 , 11 ,9/3/2025,9/5/2025
145729,9/9/2025,2,4805,5,2694,Pep Set,Vibrado,Silica, 77 , 1 ,peça,1,2,8,0, 8 , 8 , 28 , 224 ,9/3/2025,9/5/2025
145729,9/9/2025,2,4805,6,2695,Pep Set,Carrossel,Silica, 8 , 1 ,peça,1,1,8,0, 8 , 8 , 1 , 10 ,9/3/2025,9/5/2025
145729,9/9/2025,2,4805,7,2696,Pep Set,Carrossel,Silica, 8 , 1 ,peça,1,1,8,0, 8 , 8 , 1 , 10 ,9/3/2025,9/5/2025
145729,9/9/2025,2,4805,8,2697,Pep Set,Carrossel,Silica, 8 , 1 ,peça,1,1,8,0, 8 , 8 , 1 , 10 ,9/3/2025,9/5/2025
145729,9/9/2025,2,4805,9,2698,Pep Set,Carrossel,Silica, 8 , 1 ,peça,1,1,8,0, 8 , 8 , 1 , 10 ,9/3/2025,9/5/2025
145729,9/9/2025,2,4805,20,2629,Cold Box Soprado,Sopradora,Silica,1.728, 1.50 ,peça,3,1,8,0,12, 4 , 1 , 6 ,9/3/2025,9/5/2025
146542,9/9/2025,3,4758,1,2667,Pep Set,Carrossel,Silica,24, 1.00 ,peça,1,1,14,0,14, 14 , 1 , 18 ,9/3/2025,9/5/2025
146542,9/9/2025,3,4758,2,2668,Pep Set,Carrossel,Silica, 32 , 1 ,peça,1,1,14,0, 14 , 14 , 1 , 18 ,9/3/2025,9/5/2025
146542,9/9/2025,3,4758,3,2669,Pep Set,Carrossel,Silica,23, 1.00 ,peça,1,1,14,0,14, 14 , 1 , 18 ,9/3/2025,9/5/2025
146542,9/9/2025,3,4758,4,2670,Pep Set,Carrossel,Silica, 11 , 1 ,peça,1,1,14,0, 14 , 14 , 1 , 18 ,9/3/2025,9/5/2025
146542,9/9/2025,3,4758,5,2671,Pep Set,Carrossel,Silica,9.5, 1.00 ,peça,1,1,14,0,14, 14 , 1 , 18 ,9/3/2025,9/5/2025
146542,9/9/2025,3,4758,6,2672,Pep Set,Carrossel,Silica, 10 , 1 ,peça,1,1,14,0, 14 , 14 , 1 , 18 ,9/3/2025,9/5/2025
146542,9/9/2025,3,4758,7,2673,Pep Set,Carrossel,Silica, 4 , 1 ,peça,1,1,14,0, 14 , 14 , 1 , 18 ,9/3/2025,9/5/2025
146542,9/9/2025,3,4758,20,2629,Cold Box Soprado,Sopradora,Silica, 2 , 2 ,peça,3,1,14,0, 21 , 7 , 1 , 10 ,9/3/2025,9/5/2025
145675,9/9/2025,4,4822,1,2612,Cold Box Soprado,Sopradora,Silica, 0 , 2 ,peça,6,1,12,0, 24 , 4 , 1 , 6 ,9/3/2025,9/5/2025
145675,9/9/2025,4,4822,2,2574,Cold Box Soprado,Sopradora,Silica,0.196, 2.00 ,peça,6,1,12,0,24, 4 , 1 , 6 ,9/3/2025,9/5/2025
145832,9/9/2025,5,4689,1,113,Cold Box Gasado,Cold Box 4,Silica, 21 , 1 ,peça,1,1,8,0, 8 , 8 , 3 , 20 ,9/3/2025,9/5/2025
145832,9/9/2025,5,4689,2,114,Pep Set,Carrossel,Silica,2.665, 1.00 ,peça,2,1,8,0,8, 4 , 1 , 5 ,9/3/2025,9/5/2025
145832,9/9/2025,5,4689,3,115,Cold Box Gasado,Cold Box Pequena,Silica, 3 , 1 ,peça,1,1,8,0, 8 , 8 , 3 , 20 ,9/3/2025,9/5/2025
145832,9/9/2025,5,4689,4,386,Cold Box Soprado,Sopradora,Silica, 1 , 1 ,peça,4,1,8,0, 8 , 2 , 1 , 3 ,9/3/2025,9/5/2025
145832,9/9/2025,5,4689,20,2629,Cold Box Soprado,Sopradora,Silica, 2 , 1 ,peça,3,1,8,0, 6 , 2 , 1 , 3 ,9/3/2025,9/5/2025
145885,9/9/2025,5,4690,1,113,Cold Box Gasado,Cold Box 4,Silica, 21 , 1 ,peça,1,1,8,0, 8 , 8 , 3 , 20 ,9/3/2025,9/5/2025
145885,9/9/2025,5,4690,2,114,Pep Set,Carrossel,Silica, 3 , 1 ,peça,2,1,8,0, 8 , 4 , 1 , 5 ,9/3/2025,9/5/2025
145885,9/9/2025,5,4690,3,98,Cold Box Gasado,Cold Box Pequena,Silica, 3 , 1 ,peça,1,1,8,0, 8 , 8 , 3 , 20 ,9/3/2025,9/5/2025
145885,9/9/2025,5,4690,4,385,Cold Box Soprado,Sopradora,Silica, 1 , 1 ,peça,4,1,8,0, 8 , 2 , 1 , 3 ,9/3/2025,9/5/2025
145885,9/9/2025,5,4690,20,2629,Cold Box Soprado,Sopradora,Silica, 2 , 1 ,peça,3,1,8,0, 6 , 2 , 1 , 3 ,9/3/2025,9/5/2025
146335,9/9/2025,6,1799,1,925,Pep Set,Chão,Silica, 125 , 1 ,peça,1,1,4,0, 4 , 4 , 15 , 60 ,9/3/2025,9/5/2025
146321,9/9/2025,7,4999,1,2831,Pep Set,Chão,Silica,55.2, 1.00 ,peça,1,1,8,0,8, 8 , 15 , 120 ,9/3/2025,9/5/2025
146321,9/9/2025,7,4999,2,2832,Pep Set,Carrossel,Silica, 7 , 1 ,peça,1,1,8,0, 8 , 8 , 1 , 10 ,9/3/2025,9/5/2025
146620,9/9/2025,8,1866,23,2907,Cold Box Gasado,Cold Box Pequena,Silica,9.58, 1.00 ,Molde,2,1,160,0,16, 8 , 3 , 20 ,9/3/2025,9/5/2025
146773,9/9/2025,9,3166,22,2906,Cold Box Gasado,Cold Box Pequena,Silica, 8 , 1 ,Molde,2,1,360,0, 15 , 8 , 3 , 19 ,9/3/2025,9/5/2025
145730,9/9/2025,10,4805,1,2690,Cold Box Gasado,Cold Box 4,Silica, 3 , 2 ,peça,1,1,8,0, 16 , 16 , 3 , 40 ,9/3/2025,9/5/2025
145730,9/9/2025,10,4805,2,2691,Cold Box Gasado,Cold Box 4,Silica, 3 , 2 ,peça,1,1,8,0, 16 , 16 , 3 , 40 ,9/3/2025,9/5/2025
145730,9/9/2025,10,4805,3,2692,Cold Box Soprado,Sopradora,Silica, 3 , 1 ,peça,2,1,8,0, 8 , 4 , 1 , 6 ,9/3/2025,9/5/2025
145730,9/9/2025,10,4805,4,2693,Cold Box Soprado,Sopradora,Silica, 1 , 4 ,peça,4,1,8,0, 32 , 8 , 1 , 11 ,9/3/2025,9/5/2025
145730,9/9/2025,10,4805,5,2694,Pep Set,Vibrado,Silica, 77 , 1 ,peça,1,2,8,0, 8 , 8 , 28 , 224 ,9/3/2025,9/5/2025
145730,9/9/2025,10,4805,6,2695,Pep Set,Carrossel,Silica, 8 , 1 ,peça,1,1,8,0, 8 , 8 , 1 , 10 ,9/3/2025,9/5/2025
145730,9/9/2025,10,4805,7,2696,Pep Set,Carrossel,Silica, 8 , 1 ,peça,1,1,8,0, 8 , 8 , 1 , 10 ,9/3/2025,9/5/2025
145730,9/9/2025,10,4805,8,2697,Pep Set,Carrossel,Silica, 8 , 1 ,peça,1,1,8,0, 8 , 8 , 1 , 10 ,9/3/2025,9/5/2025
145730,9/9/2025,10,4805,9,2698,Pep Set,Carrossel,Silica, 8 , 1 ,peça,1,1,8,0, 8 , 8 , 1 , 10 ,9/3/2025,9/5/2025
145730,9/9/2025,10,4805,20,2629,Cold Box Soprado,Sopradora,Silica,1.728, 1.50 ,peça,3,1,8,0,12, 4 , 1 , 6 ,9/3/2025,9/5/2025
145260,9/9/2025,11,5134,1,2919,Pep Set,Carrossel,Silica, 9 , 1 ,peça,1,1,16,0, 16 , 16 , 1 , 20 ,9/3/2025,9/5/2025
145260,9/9/2025,11,5134,6,840,Cold Box Soprado,Sopradora,Silica, 2 , 1 ,peça,4,1,16,0, 16 , 4 , 1 , 6 ,9/3/2025,9/5/2025
145260,9/9/2025,11,5134,7,834,Cold Box Soprado,Sopradora,Silica, 1 , 1 ,peça,4,1,16,0, 16 , 4 , 1 , 6 ,9/3/2025,9/5/2025
145260,9/9/2025,11,5134,20,2629,Cold Box Soprado,Sopradora,Silica, 2 , 2 ,peça,3,1,16,0, 24 , 8 , 1 , 11 ,9/3/2025,9/5/2025
146712,9/9/2025,12,4194,1,2217,Pep Set,Chão,Silica, 33 , 1 ,peça,1,1,6,0, 6 , 6 , 15 , 90 ,9/3/2025,9/5/2025
146712,9/9/2025,12,4194,2,2218,Pep Set,Carrossel,Silica, 4 , 1 ,peça,1,1,6,0, 6 , 6 , 1 , 8 ,9/3/2025,9/5/2025
146712,9/9/2025,12,4194,3,2219,Pep Set,Carrossel,Silica, 2 , 1 ,peça,1,1,6,0, 6 , 6 , 1 , 8 ,9/3/2025,9/5/2025
146712,9/9/2025,12,4194,4,2220,Pep Set,Carrossel,Silica,0.6, 1.00 ,peça,1,1,6,0,6, 6 , 1 , 8 ,9/3/2025,9/5/2025
146715,9/9/2025,12,4031,1,2367,Pep Set,Chão,Silica, 33 , 1 ,peça,1,1,6,0, 6 , 6 , 15 , 90 ,9/3/2025,9/5/2025
146715,9/9/2025,12,4031,2,2218,Pep Set,Carrossel,Silica,4, 1.00 ,peça,1,1,6,0,6, 6 , 1 , 8 ,9/3/2025,9/5/2025
146715,9/9/2025,12,4031,3,2368,Pep Set,Carrossel,Silica, 2 , 1 ,peça,1,1,6,0, 6 , 6 , 1 , 8 ,9/3/2025,9/5/2025
146715,9/9/2025,12,4031,4,2369,Pep Set,Carrossel,Silica, 1 , 1 ,peça,1,1,6,0, 6 , 6 , 1 , 8 ,9/3/2025,9/5/2025
145521,9/9/2025,13,5155,1,2909,Pep Set,Carrossel,Silica,4.8, 1.00 ,Molde,1,1,216,0,12, 12 , 1 , 15 ,9/3/2025,9/5/2025
145289,9/9/2025,14,5135,1,2920,Pep Set,Carrossel,Silica, 9 , 1 ,peça,1,1,16,0, 16 , 16 , 1 , 20 ,9/3/2025,9/5/2025
145289,9/9/2025,14,5135,6,840,Cold Box Soprado,Sopradora,Silica, 2 , 1 ,peça,4,1,16,0, 16 , 4 , 1 , 6 ,9/3/2025,9/5/2025
145289,9/9/2025,14,5135,7,834,Cold Box Soprado,Sopradora,Silica, 1 , 1 ,peça,4,1,16,0, 16 , 4 , 1 , 6 ,9/3/2025,9/5/2025
145289,9/9/2025,14,5135,20,2629,Cold Box Soprado,Sopradora,Silica, 2 , 2 ,peça,3,1,16,0, 24 , 8 , 1 , 11 ,9/3/2025,9/5/2025
146081,9/9/2025,15,947,1,87,Pep Set,Carrossel,Silica, 22 , 1 ,peça,1,2,20,0, 20 , 20 , 1 , 25 ,9/3/2025,9/5/2025
146081,9/9/2025,15,947,2,88,Pep Set,Carrossel,Silica, 16 , 1 ,peça,1,2,20,0, 20 , 20 , 1 , 25 ,9/3/2025,9/5/2025
146081,9/9/2025,15,947,3,89,Pep Set,Carrossel,Silica, 9 , 1 ,peça,1,2,20,0, 20 , 20 , 1 , 25 ,9/3/2025,9/5/2025
146081,9/9/2025,15,947,4,94,Pep Set,Carrossel,Silica, 5 , 1 ,peça,1,2,20,0, 20 , 20 , 1 , 25 ,9/3/2025,9/5/2025
145833,9/10/2025,1,4689,1,113,Cold Box Gasado,Cold Box 4,Silica,21, 1.00 ,peça,1,1,8,0,8, 8 , 3 , 20 ,9/4/2025,9/8/2025
145833,9/10/2025,1,4689,2,114,Pep Set,Carrossel,Silica, 3 , 1 ,peça,2,1,8,0, 8 , 4 , 1 , 5 ,9/4/2025,9/8/2025
145833,9/10/2025,1,4689,3,115,Cold Box Gasado,Cold Box Pequena,Silica, 3 , 1 ,peça,1,1,8,0, 8 , 8 , 3 , 20 ,9/4/2025,9/8/2025
145833,9/10/2025,1,4689,4,386,Cold Box Soprado,Sopradora,Silica, 1 , 1 ,peça,4,1,8,0, 8 , 2 , 1 , 3 ,9/4/2025,9/8/2025
145833,9/10/2025,1,4689,20,2629,Cold Box Soprado,Sopradora,Silica,1.728, 0.75 ,peça,3,1,8,0,6, 2 , 1 , 3 ,9/4/2025,9/8/2025
145886,9/10/2025,1,4690,1,113,Cold Box Gasado,Cold Box 4,Silica,21, 1.00 ,peça,1,1,8,0,8, 8 , 3 , 20 ,9/4/2025,9/8/2025
145886,9/10/2025,1,4690,2,114,Pep Set,Carrossel,Silica, 3 , 1 ,peça,2,1,8,0, 8 , 4 , 1 , 5 ,9/4/2025,9/8/2025
145886,9/10/2025,1,4690,3,98,Cold Box Gasado,Cold Box Pequena,Silica,3.025, 1.00 ,peça,1,1,8,0,8, 8 , 3 , 20 ,9/4/2025,9/8/2025
145886,9/10/2025,1,4690,4,385,Cold Box Soprado,Sopradora,Silica,0.625, 1.00 ,peça,4,1,8,0,8, 2 , 1 , 3 ,9/4/2025,9/8/2025
145886,9/10/2025,1,4690,20,2629,Cold Box Soprado,Sopradora,Silica, 2 , 1 ,peça,3,1,8,0, 6 , 2 , 1 , 3 ,9/4/2025,9/8/2025
145731,9/10/2025,2,4805,1,2690,Cold Box Gasado,Cold Box 4,Silica, 3 , 2 ,peça,1,1,8,0, 16 , 16 , 3 , 40 ,9/4/2025,9/8/2025
145731,9/10/2025,2,4805,2,2691,Cold Box Gasado,Cold Box 4,Silica, 3 , 2 ,peça,1,1,8,0, 16 , 16 , 3 , 40 ,9/4/2025,9/8/2025
145731,9/10/2025,2,4805,3,2692,Cold Box Soprado,Sopradora,Silica, 3 , 1 ,peça,2,1,8,0, 8 , 4 , 1 , 6 ,9/4/2025,9/8/2025
145731,9/10/2025,2,4805,4,2693,Cold Box Soprado,Sopradora,Silica, 1 , 4 ,peça,4,1,8,0, 32 , 8 , 1 , 11 ,9/4/2025,9/8/2025
145731,9/10/2025,2,4805,5,2694,Pep Set,Vibrado,Silica,76.5, 1.00 ,peça,1,2,8,0,8, 8 , 28 , 224 ,9/4/2025,9/8/2025
145731,9/10/2025,2,4805,6,2695,Pep Set,Carrossel,Silica, 8 , 1 ,peça,1,1,8,0, 8 , 8 , 1 , 10 ,9/4/2025,9/8/2025
145731,9/10/2025,2,4805,7,2696,Pep Set,Carrossel,Silica,8.47, 1.00 ,peça,1,1,8,0,8, 8 , 1 , 10 ,9/4/2025,9/8/2025
145731,9/10/2025,2,4805,8,2697,Pep Set,Carrossel,Silica,7.68, 1.00 ,peça,1,1,8,0,8, 8 , 1 , 10 ,9/4/2025,9/8/2025
145731,9/10/2025,2,4805,9,2698,Pep Set,Carrossel,Silica,7.68, 1.00 ,peça,1,1,8,0,8, 8 , 1 , 10 ,9/4/2025,9/8/2025
145731,9/10/2025,2,4805,20,2629,Cold Box Soprado,Sopradora,Silica, 2 , 2 ,peça,3,1,8,0, 12 , 4 , 1 , 6 ,9/4/2025,9/8/2025
145261,9/10/2025,3,5134,1,2919,Pep Set,Carrossel,Silica, 9 , 1 ,peça,1,1,16,0, 16 , 16 , 1 , 20 ,9/4/2025,9/8/2025
145261,9/10/2025,3,5134,6,840,Cold Box Soprado,Sopradora,Silica, 2 , 1 ,peça,4,1,16,0, 16 , 4 , 1 , 6 ,9/4/2025,9/8/2025
145261,9/10/2025,3,5134,7,834,Cold Box Soprado,Sopradora,Silica, 1 , 1 ,peça,4,1,16,0, 16 , 4 , 1 , 6 ,9/4/2025,9/8/2025
145261,9/10/2025,3,5134,20,2629,Cold Box Soprado,Sopradora,Silica,1.728, 1.50 ,peça,3,1,16,0,24, 8 , 1 , 11 ,9/4/2025,9/8/2025
146338,9/10/2025,4,1726,1,909,Pep Set,Chão,Silica, 49 , 1 ,peça,1,1,9,0, 9 , 9 , 15 , 135 ,9/4/2025,9/8/2025
146340,9/9/2025,6,1728,1,922,Pep Set,Chão,Cromita, 14 , 1 ,peça,1,1,10,0, 10 , 10 , 15 , 150 ,9/8/2025,9/8/2025
146621,9/10/2025,6,1866,23,2907,Cold Box Gasado,Cold Box Pequena,Silica, 10 , 1 ,Molde,2,1,160,0, 16 , 8 , 3 , 20 ,9/4/2025,9/8/2025
145834,9/10/2025,7,4689,1,113,Cold Box Gasado,Cold Box 4,Silica, 21 , 1 ,peça,1,1,8,0, 8 , 8 , 3 , 20 ,9/4/2025,9/8/2025
145834,9/10/2025,7,4689,2,114,Pep Set,Carrossel,Silica, 3 , 1 ,peça,2,1,8,0, 8 , 4 , 1 , 5 ,9/4/2025,9/8/2025
145834,9/10/2025,7,4689,3,115,Cold Box Gasado,Cold Box Pequena,Silica, 3 , 1 ,peça,1,1,8,0, 8 , 8 , 3 , 20 ,9/4/2025,9/8/2025
145834,9/10/2025,7,4689,4,386,Cold Box Soprado,Sopradora,Silica, 1 , 1 ,peça,4,1,8,0, 8 , 2 , 1 , 3 ,9/4/2025,9/8/2025
145834,9/10/2025,7,4689,20,2629,Cold Box Soprado,Sopradora,Silica, 2 , 1 ,peça,3,1,8,0, 6 , 2 , 1 , 3 ,9/4/2025,9/8/2025
145887,9/10/2025,7,4690,1,113,Cold Box Gasado,Cold Box 4,Silica,21, 1.00 ,peça,1,1,8,0,8, 8 , 3 , 20 ,9/4/2025,9/8/2025
145887,9/10/2025,7,4690,2,114,Pep Set,Carrossel,Silica, 3 , 1 ,peça,2,1,8,0, 8 , 4 , 1 , 5 ,9/4/2025,9/8/2025
145887,9/10/2025,7,4690,3,98,Cold Box Gasado,Cold Box Pequena,Silica, 3 , 1 ,peça,1,1,8,0, 8 , 8 , 3 , 20 ,9/4/2025,9/8/2025
145887,9/10/2025,7,4690,4,385,Cold Box Soprado,Sopradora,Silica, 1 , 1 ,peça,4,1,8,0, 8 , 2 , 1 , 3 ,9/4/2025,9/8/2025
145887,9/10/2025,7,4690,20,2629,Cold Box Soprado,Sopradora,Silica, 2 , 1 ,peça,3,1,8,0, 6 , 2 , 1 , 3 ,9/4/2025,9/8/2025
146321,9/9/2025,7,4999,3,2833,Pep Set,Chão,Cromita,9.1, 1.00 ,peça,1,1,8,0,8, 8 , 15 , 120 ,9/8/2025,9/8/2025
146322,9/10/2025,8,4999,1,2831,Pep Set,Chão,Silica, 55 , 1 ,peça,1,1,8,0, 8 , 8 , 15 , 120 ,9/4/2025,9/8/2025
146322,9/10/2025,8,4999,2,2832,Pep Set,Carrossel,Silica,6.6, 1.00 ,peça,1,1,8,0,8, 8 , 1 , 10 ,9/4/2025,9/8/2025
145732,9/10/2025,9,4805,1,2690,Cold Box Gasado,Cold Box 4,Silica,3.294, 2.00 ,peça,1,1,8,0,16, 16 , 3 , 40 ,9/4/2025,9/8/2025
145732,9/10/2025,9,4805,2,2691,Cold Box Gasado,Cold Box 4,Silica, 3 , 2 ,peça,1,1,8,0, 16 , 16 , 3 , 40 ,9/4/2025,9/8/2025
145732,9/10/2025,9,4805,3,2692,Cold Box Soprado,Sopradora,Silica, 3 , 1 ,peça,2,1,8,0, 8 , 4 , 1 , 6 ,9/4/2025,9/8/2025
145732,9/10/2025,9,4805,4,2693,Cold Box Soprado,Sopradora,Silica, 1 , 4 ,peça,4,1,8,0, 32 , 8 , 1 , 11 ,9/4/2025,9/8/2025
145732,9/10/2025,9,4805,5,2694,Pep Set,Vibrado,Silica, 77 , 1 ,peça,1,2,8,0, 8 , 8 , 28 , 224 ,9/4/2025,9/8/2025
145732,9/10/2025,9,4805,6,2695,Pep Set,Carrossel,Silica, 8 , 1 ,peça,1,1,8,0, 8 , 8 , 1 , 10 ,9/4/2025,9/8/2025
145732,9/10/2025,9,4805,7,2696,Pep Set,Carrossel,Silica, 8 , 1 ,peça,1,1,8,0, 8 , 8 , 1 , 10 ,9/4/2025,9/8/2025
145732,9/10/2025,9,4805,8,2697,Pep Set,Carrossel,Silica, 8 , 1 ,peça,1,1,8,0, 8 , 8 , 1 , 10 ,9/4/2025,9/8/2025
145732,9/10/2025,9,4805,9,2698,Pep Set,Carrossel,Silica, 8 , 1 ,peça,1,1,8,0, 8 , 8 , 1 , 10 ,9/4/2025,9/8/2025
145732,9/10/2025,9,4805,20,2629,Cold Box Soprado,Sopradora,Silica, 2 , 2 ,peça,3,1,8,0, 12 , 4 , 1 , 6 ,9/4/2025,9/8/2025
146091,9/10/2025,10,5155,1,2909,Pep Set,Carrossel,Silica, 5 , 1 ,Molde,1,1,216,0, 12 , 12 , 1 , 15 ,9/4/2025,9/8/2025
146557,9/10/2025,11,4758,1,2667,Pep Set,Carrossel,Silica, 24 , 1 ,peça,1,1,14,0, 14 , 14 , 1 , 18 ,9/4/2025,9/8/2025
146557,9/10/2025,11,4758,2,2668,Pep Set,Carrossel,Silica, 32 , 1 ,peça,1,1,14,0, 14 , 14 , 1 , 18 ,9/4/2025,9/8/2025
146557,9/10/2025,11,4758,3,2669,Pep Set,Carrossel,Silica,23, 1.00 ,peça,1,1,14,0,14, 14 , 1 , 18 ,9/4/2025,9/8/2025
146557,9/10/2025,11,4758,4,2670,Pep Set,Carrossel,Silica, 11 , 1 ,peça,1,1,14,0, 14 , 14 , 1 , 18 ,9/4/2025,9/8/2025
146557,9/10/2025,11,4758,5,2671,Pep Set,Carrossel,Silica,9.5, 1.00 ,peça,1,1,14,0,14, 14 , 1 , 18 ,9/4/2025,9/8/2025
146557,9/10/2025,11,4758,6,2672,Pep Set,Carrossel,Silica, 10 , 1 ,peça,1,1,14,0, 14 , 14 , 1 , 18 ,9/4/2025,9/8/2025
146557,9/10/2025,11,4758,7,2673,Pep Set,Carrossel,Silica, 4 , 1 ,peça,1,1,14,0, 14 , 14 , 1 , 18 ,9/4/2025,9/8/2025
146557,9/10/2025,11,4758,20,2629,Cold Box Soprado,Sopradora,Silica, 2 , 2 ,peça,3,1,14,0, 21 , 7 , 1 , 10 ,9/4/2025,9/8/2025
145835,9/10/2025,12,4689,1,113,Cold Box Gasado,Cold Box 4,Silica, 21 , 1 ,peça,1,1,8,0, 8 , 8 , 3 , 20 ,9/4/2025,9/8/2025
145835,9/10/2025,12,4689,2,114,Pep Set,Carrossel,Silica, 3 , 1 ,peça,2,1,8,0, 8 , 4 , 1 , 5 ,9/4/2025,9/8/2025
145835,9/10/2025,12,4689,3,115,Cold Box Gasado,Cold Box Pequena,Silica,3.025, 1.00 ,peça,1,1,8,0,8, 8 , 3 , 20 ,9/4/2025,9/8/2025
145835,9/10/2025,12,4689,4,386,Cold Box Soprado,Sopradora,Silica, 1 , 1 ,peça,4,1,8,0, 8 , 2 , 1 , 3 ,9/4/2025,9/8/2025
145835,9/10/2025,12,4689,20,2629,Cold Box Soprado,Sopradora,Silica, 2 , 1 ,peça,3,1,8,0, 6 , 2 , 1 , 3 ,9/4/2025,9/8/2025
145888,9/10/2025,12,4690,1,113,Cold Box Gasado,Cold Box 4,Silica,21, 1.00 ,peça,1,1,8,0,8, 8 , 3 , 20 ,9/4/2025,9/8/2025
145888,9/10/2025,12,4690,2,114,Pep Set,Carrossel,Silica, 3 , 1 ,peça,2,1,8,0, 8 , 4 , 1 , 5 ,9/4/2025,9/8/2025
145888,9/10/2025,12,4690,3,98,Cold Box Gasado,Cold Box Pequena,Silica, 3 , 1 ,peça,1,1,8,0, 8 , 8 , 3 , 20 ,9/4/2025,9/8/2025
145888,9/10/2025,12,4690,4,385,Cold Box Soprado,Sopradora,Silica,0.625, 1.00 ,peça,4,1,8,0,8, 2 , 1 , 3 ,9/4/2025,9/8/2025
145888,9/10/2025,12,4690,20,2629,Cold Box Soprado,Sopradora,Silica,1.728, 0.75 ,peça,3,1,8,0,6, 2 , 1 , 3 ,9/4/2025,9/8/2025
145676,9/10/2025,13,4822,1,2612,Cold Box Soprado,Sopradora,Silica, 0 , 2 ,peça,6,1,12,0, 24 , 4 , 1 , 6 ,9/4/2025,9/8/2025
145676,9/10/2025,13,4822,2,2574,Cold Box Soprado,Sopradora,Silica, 0 , 2 ,peça,6,1,12,0, 24 , 4 , 1 , 6 ,9/4/2025,9/8/2025
145589,9/10/2025,14,4396,1,2302,Cold Box Soprado,Sopradora,Silica, 11 , 1 ,peça,1,1,48,0, 48 , 48 , 1 , 68 ,9/4/2025,9/8/2025
145836,9/11/2025,1,4689,1,113,Cold Box Gasado,Cold Box 4,Silica,21, 1.00 ,peça,1,1,8,0,8, 8 , 3 , 20 ,9/5/2025,9/9/2025
145836,9/11/2025,1,4689,2,114,Pep Set,Carrossel,Silica, 3 , 1 ,peça,2,1,8,0, 8 , 4 , 1 , 5 ,9/5/2025,9/9/2025
145836,9/11/2025,1,4689,3,115,Cold Box Gasado,Cold Box Pequena,Silica, 3 , 1 ,peça,1,1,8,0, 8 , 8 , 3 , 20 ,9/5/2025,9/9/2025
145836,9/11/2025,1,4689,4,386,Cold Box Soprado,Sopradora,Silica, 1 , 1 ,peça,4,1,8,0, 8 , 2 , 1 , 3 ,9/5/2025,9/9/2025
145836,9/11/2025,1,4689,20,2629,Cold Box Soprado,Sopradora,Silica, 2 , 1 ,peça,3,1,8,0, 6 , 2 , 1 , 3 ,9/5/2025,9/9/2025
145889,9/11/2025,1,4690,1,113,Cold Box Gasado,Cold Box 4,Silica,21, 1.00 ,peça,1,1,8,0,8, 8 , 3 , 20 ,9/5/2025,9/9/2025
145889,9/11/2025,1,4690,2,114,Pep Set,Carrossel,Silica,2.665, 1.00 ,peça,2,1,8,0,8, 4 , 1 , 5 ,9/5/2025,9/9/2025
145889,9/11/2025,1,4690,3,98,Cold Box Gasado,Cold Box Pequena,Silica,3.025, 1.00 ,peça,1,1,8,0,8, 8 , 3 , 20 ,9/5/2025,9/9/2025
145889,9/11/2025,1,4690,4,385,Cold Box Soprado,Sopradora,Silica, 1 , 1 ,peça,4,1,8,0, 8 , 2 , 1 , 3 ,9/5/2025,9/9/2025
145889,9/11/2025,1,4690,20,2629,Cold Box Soprado,Sopradora,Silica,1.728, 0.75 ,peça,3,1,8,0,6, 2 , 1 , 3 ,9/5/2025,9/9/2025
145741,9/11/2025,2,4755,1,116,Pep Set,Chão,Silica, 13 , 1 ,peça,1,2,20,0, 20 , 20 , 15 , 300 ,9/5/2025,9/9/2025
145741,9/11/2025,2,4755,2,117,Cold Box Soprado,Sopradora,Silica, 6 , 1 ,peça,2,1,20,0, 20 , 10 , 1 , 14 ,9/5/2025,9/9/2025
145741,9/11/2025,2,4755,3,2514,Cold Box Soprado,Sopradora,Silica, 3 , 1 ,peça,4,1,20,0, 20 , 5 , 1 , 7 ,9/5/2025,9/9/2025
146071,9/11/2025,3,4805,1,2690,Cold Box Gasado,Cold Box 4,Silica, 3 , 2 ,peça,1,1,8,0, 16 , 16 , 3 , 40 ,9/5/2025,9/9/2025
146071,9/11/2025,3,4805,2,2691,Cold Box Gasado,Cold Box 4,Silica, 3 , 2 ,peça,1,1,8,0, 16 , 16 , 3 , 40 ,9/5/2025,9/9/2025
146071,9/11/2025,3,4805,3,2692,Cold Box Soprado,Sopradora,Silica,3, 1.00 ,peça,2,1,8,0,8, 4 , 1 , 6 ,9/5/2025,9/9/2025
146071,9/11/2025,3,4805,4,2693,Cold Box Soprado,Sopradora,Silica,0.93, 4.00 ,peça,4,1,8,0,32, 8 , 1 , 11 ,9/5/2025,9/9/2025
146071,9/11/2025,3,4805,5,2694,Pep Set,Vibrado,Silica, 77 , 1 ,peça,1,2,8,0, 8 , 8 , 28 , 224 ,9/5/2025,9/9/2025
146071,9/11/2025,3,4805,6,2695,Pep Set,Carrossel,Silica, 8 , 1 ,peça,1,1,8,0, 8 , 8 , 1 , 10 ,9/5/2025,9/9/2025
146071,9/11/2025,3,4805,7,2696,Pep Set,Carrossel,Silica, 8 , 1 ,peça,1,1,8,0, 8 , 8 , 1 , 10 ,9/5/2025,9/9/2025
146071,9/11/2025,3,4805,8,2697,Pep Set,Carrossel,Silica,7.68, 1.00 ,peça,1,1,8,0,8, 8 , 1 , 10 ,9/5/2025,9/9/2025
146071,9/11/2025,3,4805,9,2698,Pep Set,Carrossel,Silica,7.68, 1.00 ,peça,1,1,8,0,8, 8 , 1 , 10 ,9/5/2025,9/9/2025
146071,9/11/2025,3,4805,20,2629,Cold Box Soprado,Sopradora,Silica, 2 , 2 ,peça,3,1,8,0, 12 , 4 , 1 , 6 ,9/5/2025,9/9/2025
145837,9/11/2025,5,4689,1,113,Cold Box Gasado,Cold Box 4,Silica, 21 , 1 ,peça,1,1,8,0, 8 , 8 , 3 , 20 ,9/5/2025,9/9/2025
145837,9/11/2025,5,4689,2,114,Pep Set,Carrossel,Silica, 3 , 1 ,peça,2,1,8,0, 8 , 4 , 1 , 5 ,9/5/2025,9/9/2025
145837,9/11/2025,5,4689,3,115,Cold Box Gasado,Cold Box Pequena,Silica,3.025, 1.00 ,peça,1,1,8,0,8, 8 , 3 , 20 ,9/5/2025,9/9/2025
145837,9/11/2025,5,4689,4,386,Cold Box Soprado,Sopradora,Silica, 1 , 1 ,peça,4,1,8,0, 8 , 2 , 1 , 3 ,9/5/2025,9/9/2025
145837,9/11/2025,5,4689,20,2629,Cold Box Soprado,Sopradora,Silica, 2 , 1 ,peça,3,1,8,0, 6 , 2 , 1 , 3 ,9/5/2025,9/9/2025
145890,9/11/2025,5,4690,1,113,Cold Box Gasado,Cold Box 4,Silica, 21 , 1 ,peça,1,1,8,0, 8 , 8 , 3 , 20 ,9/5/2025,9/9/2025
145890,9/11/2025,5,4690,2,114,Pep Set,Carrossel,Silica, 3 , 1 ,peça,2,1,8,0, 8 , 4 , 1 , 5 ,9/5/2025,9/9/2025
145890,9/11/2025,5,4690,3,98,Cold Box Gasado,Cold Box Pequena,Silica,3.025, 1.00 ,peça,1,1,8,0,8, 8 , 3 , 20 ,9/5/2025,9/9/2025
145890,9/11/2025,5,4690,4,385,Cold Box Soprado,Sopradora,Silica,0.625, 1.00 ,peça,4,1,8,0,8, 2 , 1 , 3 ,9/5/2025,9/9/2025
145890,9/11/2025,5,4690,20,2629,Cold Box Soprado,Sopradora,Silica, 2 , 1 ,peça,3,1,8,0, 6 , 2 , 1 , 3 ,9/5/2025,9/9/2025
146112,9/11/2025,6,4805,1,2690,Cold Box Gasado,Cold Box 4,Silica,3.294, 2.00 ,peça,1,1,8,0,16, 16 , 3 , 40 ,9/5/2025,9/9/2025
146112,9/11/2025,6,4805,2,2691,Cold Box Gasado,Cold Box 4,Silica, 3 , 2 ,peça,1,1,8,0, 16 , 16 , 3 , 40 ,9/5/2025,9/9/2025
146112,9/11/2025,6,4805,3,2692,Cold Box Soprado,Sopradora,Silica,3, 1.00 ,peça,2,1,8,0,8, 4 , 1 , 6 ,9/5/2025,9/9/2025
146112,9/11/2025,6,4805,4,2693,Cold Box Soprado,Sopradora,Silica,0.93, 4.00 ,peça,4,1,8,0,32, 8 , 1 , 11 ,9/5/2025,9/9/2025
146112,9/11/2025,6,4805,5,2694,Pep Set,Vibrado,Silica,76.5, 1.00 ,peça,1,2,8,0,8, 8 , 28 , 224 ,9/5/2025,9/9/2025
146112,9/11/2025,6,4805,6,2695,Pep Set,Carrossel,Silica,8.47, 1.00 ,peça,1,1,8,0,8, 8 , 1 , 10 ,9/5/2025,9/9/2025
146112,9/11/2025,6,4805,7,2696,Pep Set,Carrossel,Silica, 8 , 1 ,peça,1,1,8,0, 8 , 8 , 1 , 10 ,9/5/2025,9/9/2025
146112,9/11/2025,6,4805,8,2697,Pep Set,Carrossel,Silica, 8 , 1 ,peça,1,1,8,0, 8 , 8 , 1 , 10 ,9/5/2025,9/9/2025
146112,9/11/2025,6,4805,9,2698,Pep Set,Carrossel,Silica,7.68, 1.00 ,peça,1,1,8,0,8, 8 , 1 , 10 ,9/5/2025,9/9/2025
146112,9/11/2025,6,4805,20,2629,Cold Box Soprado,Sopradora,Silica,1.728, 1.50 ,peça,3,1,8,0,12, 4 , 1 , 6 ,9/5/2025,9/9/2025
145262,9/11/2025,7,5134,1,2919,Pep Set,Carrossel,Silica,9.1, 1.00 ,peça,1,1,16,0,16, 16 , 1 , 20 ,9/5/2025,9/9/2025
145262,9/11/2025,7,5134,6,840,Cold Box Soprado,Sopradora,Silica,1.56, 1.00 ,peça,4,1,16,0,16, 4 , 1 , 6 ,9/5/2025,9/9/2025
145262,9/11/2025,7,5134,7,834,Cold Box Soprado,Sopradora,Silica, 1 , 1 ,peça,4,1,16,0, 16 , 4 , 1 , 6 ,9/5/2025,9/9/2025
145262,9/11/2025,7,5134,20,2629,Cold Box Soprado,Sopradora,Silica, 2 , 2 ,peça,3,1,16,0, 24 , 8 , 1 , 11 ,9/5/2025,9/9/2025
146092,9/11/2025,8,5155,1,2909,Pep Set,Carrossel,Silica, 5 , 1 ,Molde,1,1,216,0, 12 , 12 , 1 , 15 ,9/5/2025,9/9/2025
146322,9/10/2025,8,4999,3,2833,Pep Set,Chão,Cromita, 9 , 1 ,peça,1,1,8,0, 8 , 8 , 15 , 120 ,9/8/2025,9/9/2025
145085,9/11/2025,9,4759,1,2675,Pep Set,Carrossel,Silica, 30 , 1 ,peça,1,1,6,0, 6 , 6 , 1 , 8 ,9/5/2025,9/9/2025
145085,9/11/2025,9,4759,2,2676,Pep Set,Carrossel,Silica,29, 1.00 ,peça,1,1,6,0,6, 6 , 1 , 8 ,9/5/2025,9/9/2025
145085,9/11/2025,9,4759,3,2677,Pep Set,Carrossel,Silica, 24 , 1 ,peça,1,1,6,0, 6 , 6 , 1 , 8 ,9/5/2025,9/9/2025
145085,9/11/2025,9,4759,4,2678,Pep Set,Carrossel,Silica, 14 , 1 ,peça,1,1,6,0, 6 , 6 , 1 , 8 ,9/5/2025,9/9/2025
145085,9/11/2025,9,4759,5,2679,Pep Set,Carrossel,Silica, 15 , 1 ,peça,1,1,6,0, 6 , 6 , 1 , 8 ,9/5/2025,9/9/2025
145085,9/11/2025,9,4759,6,2680,Pep Set,Carrossel,Silica, 13 , 1 ,peça,1,1,6,0, 6 , 6 , 1 , 8 ,9/5/2025,9/9/2025
145085,9/11/2025,9,4759,7,2681,Pep Set,Carrossel,Silica, 13 , 1 ,peça,1,1,6,0, 6 , 6 , 1 , 8 ,9/5/2025,9/9/2025
145085,9/11/2025,9,4759,8,2682,Pep Set,Carrossel,Silica, 11 , 1 ,peça,1,1,6,0, 6 , 6 , 1 , 8 ,9/5/2025,9/9/2025
145085,9/11/2025,9,4759,9,2683,Pep Set,Carrossel,Silica, 11 , 1 ,peça,1,1,6,0, 6 , 6 , 1 , 8 ,9/5/2025,9/9/2025
145085,9/11/2025,9,4759,10,2684,Pep Set,Carrossel,Silica, 10 , 1 ,peça,1,1,6,0, 6 , 6 , 1 , 8 ,9/5/2025,9/9/2025
145085,9/11/2025,9,4759,11,2685,Pep Set,Carrossel,Silica,9.6, 1.00 ,peça,1,1,6,0,6, 6 , 1 , 8 ,9/5/2025,9/9/2025
145085,9/11/2025,9,4759,20,2629,Cold Box Soprado,Sopradora,Silica,1.728, 3.00 ,peça,3,1,6,0,18, 6 , 1 , 9 ,9/5/2025,9/9/2025
146623,9/11/2025,10,1629,1,980,Pep Set,Carrossel,Silica,17.43, 1.00 ,peça,1,1,12,0,12, 12 , 1 , 15 ,9/5/2025,9/9/2025
146713,9/11/2025,11,4194,1,2217,Pep Set,Chão,Silica,32.5, 1.00 ,peça,1,1,6,0,6, 6 , 15 , 90 ,9/5/2025,9/9/2025
146713,9/11/2025,11,4194,2,2218,Pep Set,Carrossel,Silica, 4 , 1 ,peça,1,1,6,0, 6 , 6 , 1 , 8 ,9/5/2025,9/9/2025
146713,9/11/2025,11,4194,3,2219,Pep Set,Carrossel,Silica, 2 , 1 ,peça,1,1,6,0, 6 , 6 , 1 , 8 ,9/5/2025,9/9/2025
146713,9/11/2025,11,4194,4,2220,Pep Set,Carrossel,Silica,0.6, 1.00 ,peça,1,1,6,0,6, 6 , 1 , 8 ,9/5/2025,9/9/2025
146716,9/11/2025,11,4031,1,2367,Pep Set,Chão,Silica, 33 , 1 ,peça,1,1,6,0, 6 , 6 , 15 , 90 ,9/5/2025,9/9/2025
146716,9/11/2025,11,4031,2,2218,Pep Set,Carrossel,Silica, 4 , 1 ,peça,1,1,6,0, 6 , 6 , 1 , 8 ,9/5/2025,9/9/2025
146716,9/11/2025,11,4031,3,2368,Pep Set,Carrossel,Silica, 2 , 1 ,peça,1,1,6,0, 6 , 6 , 1 , 8 ,9/5/2025,9/9/2025
146716,9/11/2025,11,4031,4,2369,Pep Set,Carrossel,Silica, 1 , 1 ,peça,1,1,6,0, 6 , 6 , 1 , 8 ,9/5/2025,9/9/2025
146323,9/11/2025,12,4999,1,2831,Pep Set,Chão,Silica, 55 , 1 ,peça,1,1,8,0, 8 , 8 , 15 , 120 ,9/5/2025,9/9/2025
146323,9/11/2025,12,4999,2,2832,Pep Set,Carrossel,Silica, 7 , 1 ,peça,1,1,8,0, 8 , 8 , 1 , 10 ,9/5/2025,9/9/2025
145677,9/11/2025,13,4822,1,2612,Cold Box Soprado,Sopradora,Silica, 0 , 2 ,peça,6,1,12,0, 24 , 4 , 1 , 6 ,9/5/2025,9/9/2025
145677,9/11/2025,13,4822,2,2574,Cold Box Soprado,Sopradora,Silica, 0 , 2 ,peça,6,1,12,0, 24 , 4 , 1 , 6 ,9/5/2025,9/9/2025
145447,9/11/2025,14,4845,1,2879,Cold Box Gasado,Cold Box 4,Silica, 8 , 1 ,peça,1,1,32,0, 32 , 32 , 3 , 80 ,9/5/2025,9/9/2025
145447,9/11/2025,14,4845,2,2880,Pep Set,Carrossel,Silica, 7 , 1 ,peça,1,1,32,0, 32 , 32 , 1 , 40 ,9/5/2025,9/9/2025
145447,9/11/2025,14,4845,3,2881,Pep Set,Carrossel,Silica, 7 , 1 ,peça,1,1,32,0, 32 , 32 , 1 , 40 ,9/5/2025,9/9/2025
144184,9/11/2025,15,4269,1,1887,Cold Box Gasado,Cold Box Pequena,Silica, 1 , 1 ,peça,2,2,256,0, 128 , 64 , 3 , 160 ,9/5/2025,9/9/2025
144184,9/11/2025,15,4269,2,2947,Cold Box Gasado,Cold Box Pequena,Silica,0.7, 0.50 ,peça,1,2,256,0,128, 128 , 3 , 320 ,9/5/2025,9/9/2025
144184,9/11/2025,15,4269,30,2926,Pep Set,Carrossel,Silica,, 1 ,Lote,1,1,256,0, 1 , 1 , 1 , 1 ,9/5/2025,9/9/2025
146558,9/11/2025,16,4758,1,2667,Pep Set,Carrossel,Silica, 24 , 1 ,peça,1,1,14,0, 14 , 14 , 1 , 18 ,9/5/2025,9/9/2025
146558,9/11/2025,16,4758,2,2668,Pep Set,Carrossel,Silica, 32 , 1 ,peça,1,1,14,0, 14 , 14 , 1 , 18 ,9/5/2025,9/9/2025
146558,9/11/2025,16,4758,3,2669,Pep Set,Carrossel,Silica, 23 , 1 ,peça,1,1,14,0, 14 , 14 , 1 , 18 ,9/5/2025,9/9/2025
146558,9/11/2025,16,4758,4,2670,Pep Set,Carrossel,Silica, 11 , 1 ,peça,1,1,14,0, 14 , 14 , 1 , 18 ,9/5/2025,9/9/2025
146558,9/11/2025,16,4758,5,2671,Pep Set,Carrossel,Silica, 10 , 1 ,peça,1,1,14,0, 14 , 14 , 1 , 18 ,9/5/2025,9/9/2025
146558,9/11/2025,16,4758,6,2672,Pep Set,Carrossel,Silica,9.5, 1.00 ,peça,1,1,14,0,14, 14 , 1 , 18 ,9/5/2025,9/9/2025
146558,9/11/2025,16,4758,7,2673,Pep Set,Carrossel,Silica, 4 , 1 ,peça,1,1,14,0, 14 , 14 , 1 , 18 ,9/5/2025,9/9/2025
146558,9/11/2025,16,4758,20,2629,Cold Box Soprado,Sopradora,Silica,1.728, 1.50 ,peça,3,1,14,0,21, 7 , 1 , 10 ,9/5/2025,9/9/2025
145838,9/12/2025,1,4689,1,113,Cold Box Gasado,Cold Box 4,Silica, 21 , 1 ,peça,1,1,8,0, 8 , 8 , 3 , 20 ,9/8/2025,9/10/2025
145838,9/12/2025,1,4689,2,114,Pep Set,Carrossel,Silica,2.665, 1.00 ,peça,2,1,8,0,8, 4 , 1 , 5 ,9/8/2025,9/10/2025
145838,9/12/2025,1,4689,3,115,Cold Box Gasado,Cold Box Pequena,Silica, 3 , 1 ,peça,1,1,8,0, 8 , 8 , 3 , 20 ,9/8/2025,9/10/2025
145838,9/12/2025,1,4689,4,386,Cold Box Soprado,Sopradora,Silica,0.625, 1.00 ,peça,4,1,8,0,8, 2 , 1 , 3 ,9/8/2025,9/10/2025
145838,9/12/2025,1,4689,20,2629,Cold Box Soprado,Sopradora,Silica,1.728, 0.75 ,peça,3,1,8,0,6, 2 , 1 , 3 ,9/8/2025,9/10/2025
145891,9/12/2025,1,4690,1,113,Cold Box Gasado,Cold Box 4,Silica,21, 1.00 ,peça,1,1,8,0,8, 8 , 3 , 20 ,9/8/2025,9/10/2025
145891,9/12/2025,1,4690,2,114,Pep Set,Carrossel,Silica, 3 , 1 ,peça,2,1,8,0, 8 , 4 , 1 , 5 ,9/8/2025,9/10/2025
145891,9/12/2025,1,4690,3,98,Cold Box Gasado,Cold Box Pequena,Silica, 3 , 1 ,peça,1,1,8,0, 8 , 8 , 3 , 20 ,9/8/2025,9/10/2025
145891,9/12/2025,1,4690,4,385,Cold Box Soprado,Sopradora,Silica, 1 , 1 ,peça,4,1,8,0, 8 , 2 , 1 , 3 ,9/8/2025,9/10/2025
145891,9/12/2025,1,4690,20,2629,Cold Box Soprado,Sopradora,Silica, 2 , 1 ,peça,3,1,8,0, 6 , 2 , 1 , 3 ,9/8/2025,9/10/2025
146113,9/12/2025,2,4805,1,2690,Cold Box Gasado,Cold Box 4,Silica,3.294, 2.00 ,peça,1,1,8,0,16, 16 , 3 , 40 ,9/8/2025,9/10/2025
146113,9/12/2025,2,4805,2,2691,Cold Box Gasado,Cold Box 4,Silica, 3 , 2 ,peça,1,1,8,0, 16 , 16 , 3 , 40 ,9/8/2025,9/10/2025
146113,9/12/2025,2,4805,3,2692,Cold Box Soprado,Sopradora,Silica,3, 1.00 ,peça,2,1,8,0,8, 4 , 1 , 6 ,9/8/2025,9/10/2025
146113,9/12/2025,2,4805,4,2693,Cold Box Soprado,Sopradora,Silica,0.93, 4.00 ,peça,4,1,8,0,32, 8 , 1 , 11 ,9/8/2025,9/10/2025
146113,9/12/2025,2,4805,5,2694,Pep Set,Vibrado,Silica, 77 , 1 ,peça,1,2,8,0, 8 , 8 , 28 , 224 ,9/8/2025,9/10/2025
146113,9/12/2025,2,4805,6,2695,Pep Set,Carrossel,Silica, 8 , 1 ,peça,1,1,8,0, 8 , 8 , 1 , 10 ,9/8/2025,9/10/2025
146113,9/12/2025,2,4805,7,2696,Pep Set,Carrossel,Silica, 8 , 1 ,peça,1,1,8,0, 8 , 8 , 1 , 10 ,9/8/2025,9/10/2025
146113,9/12/2025,2,4805,8,2697,Pep Set,Carrossel,Silica, 8 , 1 ,peça,1,1,8,0, 8 , 8 , 1 , 10 ,9/8/2025,9/10/2025
146113,9/12/2025,2,4805,9,2698,Pep Set,Carrossel,Silica, 8 , 1 ,peça,1,1,8,0, 8 , 8 , 1 , 10 ,9/8/2025,9/10/2025
146113,9/12/2025,2,4805,20,2629,Cold Box Soprado,Sopradora,Silica,1.728, 1.50 ,peça,3,1,8,0,12, 4 , 1 , 6 ,9/8/2025,9/10/2025
145263,9/12/2025,3,5134,1,2919,Pep Set,Carrossel,Silica, 9 , 1 ,peça,1,1,16,0, 16 , 16 , 1 , 20 ,9/8/2025,9/10/2025
145263,9/12/2025,3,5134,6,840,Cold Box Soprado,Sopradora,Silica,1.56, 1.00 ,peça,4,1,16,0,16, 4 , 1 , 6 ,9/8/2025,9/10/2025
145263,9/12/2025,3,5134,7,834,Cold Box Soprado,Sopradora,Silica, 1 , 1 ,peça,4,1,16,0, 16 , 4 , 1 , 6 ,9/8/2025,9/10/2025
145263,9/12/2025,3,5134,20,2629,Cold Box Soprado,Sopradora,Silica,1.728, 1.50 ,peça,3,1,16,0,24, 8 , 1 , 11 ,9/8/2025,9/10/2025
145907,9/12/2025,4,3291,1,1904,Pep Set,Carrossel,Silica, 2 , 1 ,peça,1,1,16,0, 16 , 16 , 1 , 20 ,9/8/2025,9/10/2025
145907,9/12/2025,4,3291,2,1905,Pep Set,Carrossel,Silica, 2 , 1 ,peça,1,1,16,0, 16 , 16 , 1 , 20 ,9/8/2025,9/10/2025
145907,9/12/2025,4,3291,3,1906,Pep Set,Carrossel,Silica, 7 , 1 ,peça,1,1,16,0, 16 , 16 , 1 , 20 ,9/8/2025,9/10/2025
145908,9/12/2025,4,3292,1,1907,Cold Box Gasado,Cold Box Pequena,Silica, 7 , 1 ,peça,1,1,16,0, 16 , 16 , 3 , 40 ,9/8/2025,9/10/2025
145908,9/12/2025,4,3292,2,1908,Pep Set,Carrossel,Silica,2.31, 1.00 ,peça,1,1,16,0,16, 16 , 1 , 20 ,9/8/2025,9/10/2025
145908,9/12/2025,4,3292,3,1909,Pep Set,Carrossel,Silica,2.13, 1.00 ,peça,1,1,16,0,16, 16 , 1 , 20 ,9/8/2025,9/10/2025
145909,9/12/2025,4,3294,1,1907,Cold Box Gasado,Cold Box Pequena,Silica,7.98, 1.00 ,peça,1,1,32,0,32, 32 , 3 , 80 ,9/8/2025,9/10/2025
145909,9/12/2025,4,3294,2,1896,Cold Box Gasado,Cold Box Pequena,Silica,2.25, 1.00 ,peça,1,1,32,0,32, 32 , 3 , 80 ,9/8/2025,9/10/2025
145909,9/12/2025,4,3294,3,1897,Cold Box Gasado,Cold Box Pequena,Silica,2.01, 1.00 ,peça,1,1,32,0,32, 32 , 3 , 80 ,9/8/2025,9/10/2025
146126,9/12/2025,5,4822,1,2612,Cold Box Soprado,Sopradora,Silica,0.192, 2.00 ,peça,6,1,12,0,24, 4 , 1 , 6 ,9/8/2025,9/10/2025
146126,9/12/2025,5,4822,2,2574,Cold Box Soprado,Sopradora,Silica, 0 , 2 ,peça,6,1,12,0, 24 , 4 , 1 , 6 ,9/8/2025,9/10/2025
146659,9/12/2025,6,1861,22,2906,Cold Box Gasado,Cold Box Pequena,Silica, 8 , 0 ,peça,2,1,60,0, 5 , 3 , 3 , 6 ,9/8/2025,9/10/2025
146727,9/12/2025,6,313,25,2921,Cold Box Gasado,Cold Box Pequena,Silica, 8 , 1 ,Molde,2,1,182,0, 13 , 7 , 3 , 16 ,9/8/2025,9/10/2025
146093,9/12/2025,7,5155,1,2909,Pep Set,Carrossel,Silica, 5 , 1 ,Molde,1,1,216,0, 12 , 12 , 1 , 15 ,9/8/2025,9/10/2025
146114,9/12/2025,8,4805,1,2690,Cold Box Gasado,Cold Box 4,Silica,3.294, 2.00 ,peça,1,1,8,0,16, 16 , 3 , 40 ,9/8/2025,9/10/2025
146114,9/12/2025,8,4805,2,2691,Cold Box Gasado,Cold Box 4,Silica, 3 , 2 ,peça,1,1,8,0, 16 , 16 , 3 , 40 ,9/8/2025,9/10/2025
146114,9/12/2025,8,4805,3,2692,Cold Box Soprado,Sopradora,Silica,3, 1.00 ,peça,2,1,8,0,8, 4 , 1 , 6 ,9/8/2025,9/10/2025
146114,9/12/2025,8,4805,4,2693,Cold Box Soprado,Sopradora,Silica,0.93, 4.00 ,peça,4,1,8,0,32, 8 , 1 , 11 ,9/8/2025,9/10/2025
146114,9/12/2025,8,4805,5,2694,Pep Set,Vibrado,Silica, 77 , 1 ,peça,1,2,8,0, 8 , 8 , 28 , 224 ,9/8/2025,9/10/2025
146114,9/12/2025,8,4805,6,2695,Pep Set,Carrossel,Silica, 8 , 1 ,peça,1,1,8,0, 8 , 8 , 1 , 10 ,9/8/2025,9/10/2025
146114,9/12/2025,8,4805,7,2696,Pep Set,Carrossel,Silica, 8 , 1 ,peça,1,1,8,0, 8 , 8 , 1 , 10 ,9/8/2025,9/10/2025
146114,9/12/2025,8,4805,8,2697,Pep Set,Carrossel,Silica,7.68, 1.00 ,peça,1,1,8,0,8, 8 , 1 , 10 ,9/8/2025,9/10/2025
146114,9/12/2025,8,4805,9,2698,Pep Set,Carrossel,Silica,7.68, 1.00 ,peça,1,1,8,0,8, 8 , 1 , 10 ,9/8/2025,9/10/2025
146114,9/12/2025,8,4805,20,2629,Cold Box Soprado,Sopradora,Silica, 2 , 2 ,peça,3,1,8,0, 12 , 4 , 1 , 6 ,9/8/2025,9/10/2025
145839,9/12/2025,9,4689,1,113,Cold Box Gasado,Cold Box 4,Silica, 21 , 1 ,peça,1,1,8,0, 8 , 8 , 3 , 20 ,9/8/2025,9/10/2025
145839,9/12/2025,9,4689,2,114,Pep Set,Carrossel,Silica, 3 , 1 ,peça,2,1,8,0, 8 , 4 , 1 , 5 ,9/8/2025,9/10/2025
145839,9/12/2025,9,4689,3,115,Cold Box Gasado,Cold Box Pequena,Silica, 3 , 1 ,peça,1,1,8,0, 8 , 8 , 3 , 20 ,9/8/2025,9/10/2025
145839,9/12/2025,9,4689,4,386,Cold Box Soprado,Sopradora,Silica,0.625, 1.00 ,peça,4,1,8,0,8, 2 , 1 , 3 ,9/8/2025,9/10/2025
145839,9/12/2025,9,4689,20,2629,Cold Box Soprado,Sopradora,Silica,1.728, 0.75 ,peça,3,1,8,0,6, 2 , 1 , 3 ,9/8/2025,9/10/2025
145892,9/12/2025,9,4690,1,113,Cold Box Gasado,Cold Box 4,Silica, 21 , 1 ,peça,1,1,8,0, 8 , 8 , 3 , 20 ,9/8/2025,9/10/2025
145892,9/12/2025,9,4690,2,114,Pep Set,Carrossel,Silica,2.665, 1.00 ,peça,2,1,8,0,8, 4 , 1 , 5 ,9/8/2025,9/10/2025
145892,9/12/2025,9,4690,3,98,Cold Box Gasado,Cold Box Pequena,Silica, 3 , 1 ,peça,1,1,8,0, 8 , 8 , 3 , 20 ,9/8/2025,9/10/2025
145892,9/12/2025,9,4690,4,385,Cold Box Soprado,Sopradora,Silica, 1 , 1 ,peça,4,1,8,0, 8 , 2 , 1 , 3 ,9/8/2025,9/10/2025
145892,9/12/2025,9,4690,20,2629,Cold Box Soprado,Sopradora,Silica, 2 , 1 ,peça,3,1,8,0, 6 , 2 , 1 , 3 ,9/8/2025,9/10/2025
145448,9/12/2025,10,4845,1,2879,Cold Box Gasado,Cold Box 4,Silica,7.5, 1.00 ,peça,1,1,32,0,32, 32 , 3 , 80 ,9/8/2025,9/10/2025
145448,9/12/2025,10,4845,2,2880,Pep Set,Carrossel,Silica,6.5, 1.00 ,peça,1,1,32,0,32, 32 , 1 , 40 ,9/8/2025,9/10/2025
145448,9/12/2025,10,4845,3,2881,Pep Set,Carrossel,Silica, 7 , 1 ,peça,1,1,32,0, 32 , 32 , 1 , 40 ,9/8/2025,9/10/2025
146339,9/11/2025,10,1668,1,923,Pep Set,Chão,Cromita, 21 , 1 ,peça,1,1,2,0, 2 , 2 , 15 , 30 ,9/9/2025,9/10/2025
146756,9/11/2025,10,1668,1,923,Pep Set,Chão,Cromita, 21 , 1 ,peça,1,1,8,0, 8 , 8 , 15 , 120 ,9/9/2025,9/10/2025
146559,9/12/2025,11,4758,1,2667,Pep Set,Carrossel,Silica,24, 1.00 ,peça,1,1,14,0,14, 14 , 1 , 18 ,9/8/2025,9/10/2025
146559,9/12/2025,11,4758,2,2668,Pep Set,Carrossel,Silica,31.5, 1.00 ,peça,1,1,14,0,14, 14 , 1 , 18 ,9/8/2025,9/10/2025
146559,9/12/2025,11,4758,3,2669,Pep Set,Carrossel,Silica,23, 1.00 ,peça,1,1,14,0,14, 14 , 1 , 18 ,9/8/2025,9/10/2025
146559,9/12/2025,11,4758,4,2670,Pep Set,Carrossel,Silica,11, 1.00 ,peça,1,1,14,0,14, 14 , 1 , 18 ,9/8/2025,9/10/2025
146559,9/12/2025,11,4758,5,2671,Pep Set,Carrossel,Silica, 10 , 1 ,peça,1,1,14,0, 14 , 14 , 1 , 18 ,9/8/2025,9/10/2025
146559,9/12/2025,11,4758,6,2672,Pep Set,Carrossel,Silica, 10 , 1 ,peça,1,1,14,0, 14 , 14 , 1 , 18 ,9/8/2025,9/10/2025
146559,9/12/2025,11,4758,7,2673,Pep Set,Carrossel,Silica,4, 1.00 ,peça,1,1,14,0,14, 14 , 1 , 18 ,9/8/2025,9/10/2025
146559,9/12/2025,11,4758,20,2629,Cold Box Soprado,Sopradora,Silica, 2 , 2 ,peça,3,1,14,0, 21 , 7 , 1 , 10 ,9/8/2025,9/10/2025
145840,9/12/2025,12,4689,1,113,Cold Box Gasado,Cold Box 4,Silica, 21 , 1 ,peça,1,1,8,0, 8 , 8 , 3 , 20 ,9/8/2025,9/10/2025
145840,9/12/2025,12,4689,2,114,Pep Set,Carrossel,Silica, 3 , 1 ,peça,2,1,8,0, 8 , 4 , 1 , 5 ,9/8/2025,9/10/2025
145840,9/12/2025,12,4689,3,115,Cold Box Gasado,Cold Box Pequena,Silica,3.025, 1.00 ,peça,1,1,8,0,8, 8 , 3 , 20 ,9/8/2025,9/10/2025
145840,9/12/2025,12,4689,4,386,Cold Box Soprado,Sopradora,Silica, 1 , 1 ,peça,4,1,8,0, 8 , 2 , 1 , 3 ,9/8/2025,9/10/2025
145840,9/12/2025,12,4689,20,2629,Cold Box Soprado,Sopradora,Silica, 2 , 1 ,peça,3,1,8,0, 6 , 2 , 1 , 3 ,9/8/2025,9/10/2025
145893,9/12/2025,12,4690,1,113,Cold Box Gasado,Cold Box 4,Silica, 21 , 1 ,peça,1,1,8,0, 8 , 8 , 3 , 20 ,9/8/2025,9/10/2025
145893,9/12/2025,12,4690,2,114,Pep Set,Carrossel,Silica, 3 , 1 ,peça,2,1,8,0, 8 , 4 , 1 , 5 ,9/8/2025,9/10/2025
145893,9/12/2025,12,4690,3,98,Cold Box Gasado,Cold Box Pequena,Silica, 3 , 1 ,peça,1,1,8,0, 8 , 8 , 3 , 20 ,9/8/2025,9/10/2025
145893,9/12/2025,12,4690,4,385,Cold Box Soprado,Sopradora,Silica,0.625, 1.00 ,peça,4,1,8,0,8, 2 , 1 , 3 ,9/8/2025,9/10/2025
145893,9/12/2025,12,4690,20,2629,Cold Box Soprado,Sopradora,Silica,1.728, 0.75 ,peça,3,1,8,0,6, 2 , 1 , 3 ,9/8/2025,9/10/2025
146323,9/11/2025,12,4999,3,2833,Pep Set,Chão,Cromita, 9 , 1 ,peça,1,1,8,0, 8 , 8 , 15 , 120 ,9/9/2025,9/10/2025
145742,9/12/2025,14,4755,1,116,Pep Set,Chão,Silica, 13 , 1 ,peça,1,2,20,0, 20 , 20 , 15 , 300 ,9/8/2025,9/10/2025
145742,9/12/2025,14,4755,2,117,Cold Box Soprado,Sopradora,Silica,6.4, 1.00 ,peça,2,1,20,0,20, 10 , 1 , 14 ,9/8/2025,9/10/2025
145742,9/12/2025,14,4755,3,2514,Cold Box Soprado,Sopradora,Silica,3.46, 1.00 ,peça,4,1,20,0,20, 5 , 1 , 7 ,9/8/2025,9/10/2025
146262,9/12/2025,15,4193,1,2192,Cold Box Gasado,Cold Box Pequena,Silica, 5 , 1 ,peça,1,2,36,0, 36 , 36 , 3 , 90 ,9/8/2025,9/10/2025
146262,9/12/2025,15,4193,2,2320,Cold Box Gasado,Cold Box Pequena,Silica, 2 , 1 ,peça,1,2,36,0, 36 , 36 , 3 , 90 ,9/8/2025,9/10/2025
146082,9/12/2025,16,947,1,87,Pep Set,Carrossel,Silica,22.3, 1.00 ,peça,1,2,20,0,20, 20 , 1 , 25 ,9/8/2025,9/10/2025
146082,9/12/2025,16,947,2,88,Pep Set,Carrossel,Silica,16.1, 1.00 ,peça,1,2,20,0,20, 20 , 1 , 25 ,9/8/2025,9/10/2025
146082,9/12/2025,16,947,3,89,Pep Set,Carrossel,Silica, 9 , 1 ,peça,1,2,20,0, 20 , 20 , 1 , 25 ,9/8/2025,9/10/2025
146082,9/12/2025,16,947,4,94,Pep Set,Carrossel,Silica, 5 , 1 ,peça,1,2,20,0, 20 , 20 , 1 , 25 ,9/8/2025,9/10/2025