"id","_kf_producao","datafusao","ordenacao","_kf_fichatecnica","caixa","_kf_macho","processo","recurso","areia","peso","qtd_machos","qtd_machos_por","figuras","qtd_replicas","qtd_op","qtd_realizada","qtd_pendente","qtd_moldes","tempo_ciclo","tempo_total","not_before_date","deadline","datahoraprocess","_kf_statusintegration","statusintegrationid","status_create_date","dt"
"30792","144543","2025-11-19","12","2149","1","1287","Cold Box Gasado","Cold Box Pequena","Cromita","0","2","peça","3","2","512","0","1024","341","3","853","2025-11-17","2025-11-18","10/11/2025 23:02:03","68","68","2025-11-10 23:02:03.000","2025-11-10"
"30793","146345","2025-11-14","10","2671","23","2907","Cold Box Gasado","Cold Box Pequena","Silica","10","1","Molde","2","1","238","15","2","1","3","3","2025-11-10","2025-11-12","10/11/2025 23:02:03","68","68","2025-11-10 23:02:03.000","2025-11-10"
"30794","146558","2025-11-18","13","4758","1","2667","Pep Set","Carrossel","Silica","24","1","peça","1","1","14","0","14","14","1","18","2025-11-12","2025-11-14","10/11/2025 23:02:03","68","68","2025-11-10 23:02:03.000","2025-11-10"
"30795","146558","2025-11-18","13","4758","2","2668","Pep Set","Carrossel","Silica","32","1","peça","1","1","14","0","14","14","1","18","2025-11-12","2025-11-14","10/11/2025 23:02:03","68","68","2025-11-10 23:02:03.000","2025-11-10"
"30796","146558","2025-11-18","13","4758","3","2669","Pep Set","Carrossel","Silica","23","1","peça","1","1","14","0","14","14","1","18","2025-11-12","2025-11-14","10/11/2025 23:02:03","68","68","2025-11-10 23:02:03.000","2025-11-10"
"30797","146558","2025-11-18","13","4758","4","2670","Pep Set","Carrossel","Silica","11","1","peça","1","1","14","0","14","14","1","18","2025-11-12","2025-11-14","10/11/2025 23:02:03","68","68","2025-11-10 23:02:03.000","2025-11-10"
"30798","146558","2025-11-18","13","4758","5","2671","Pep Set","Carrossel","Silica","10","1","peça","1","1","14","0","14","14","1","18","2025-11-12","2025-11-14","10/11/2025 23:02:03","68","68","2025-11-10 23:02:03.000","2025-11-10"
"30799","146558","2025-11-18","13","4758","6","2672","Pep Set","Carrossel","Silica","10","1","peça","1","1","14","0","14","14","1","18","2025-11-12","2025-11-14","10/11/2025 23:02:03","68","68","2025-11-10 23:02:03.000","2025-11-10"
"30800","146558","2025-11-18","13","4758","7","2673","Pep Set","Carrossel","Silica","4","1","peça","1","1","14","0","14","14","1","18","2025-11-12","2025-11-14","10/11/2025 23:02:03","68","68","2025-11-10 23:02:03.000","2025-11-10"
"30801","146558","2025-11-18","13","4758","20","2629","Cold Box Soprado","Sopradora","Silica","2","2","peça","3","1","14","0","21","7","1","10","2025-11-12","2025-11-14","10/11/2025 23:02:03","68","68","2025-11-10 23:02:03.000","2025-11-10"
"30802","146611","2025-11-17","15","5155","1","2971","Pep Set","Carrossel","Silica","23","1","Molde","1","1","216","0","12","12","1","15","2025-11-11","2025-11-13","10/11/2025 23:02:03","68","68","2025-11-10 23:02:03.000","2025-11-10"
"30803","146776","2025-11-12","9","4396","1","2302","Cold Box Soprado","Sopradora","Silica","11","1","peça","1","1","48","8","40","40","1","57","2025-11-06","2025-11-10","10/11/2025 23:02:03","68","68","2025-11-10 23:02:03.000","2025-11-10"
"30804","146777","2025-11-14","15","4396","1","2302","Cold Box Soprado","Sopradora","Silica","11","1","peça","1","1","48","0","48","48","1","68","2025-11-10","2025-11-12","10/11/2025 23:02:03","68","68","2025-11-10 23:02:03.000","2025-11-10"
"30805","146778","2025-11-17","11","4396","1","2302","Cold Box Soprado","Sopradora","Silica","11","1","peça","1","1","48","0","48","48","1","68","2025-11-11","2025-11-13","10/11/2025 23:02:03","68","68","2025-11-10 23:02:03.000","2025-11-10"
"30806","146784","2025-11-17","4","4135","30","2926","Pep Set","Carrossel","Silica","","1","Lote","1","1","84","0","1","1","1","1","2025-11-11","2025-11-13","10/11/2025 23:02:03","68","68","2025-11-10 23:02:03.000","2025-11-10"
"30807","146792","2025-11-19","11","4748","1","2647","Pep Set","Carrossel","Silica","14","1","peça","1","1","36","0","36","36","1","45","2025-11-13","2025-11-17","10/11/2025 23:02:03","68","68","2025-11-10 23:02:03.000","2025-11-10"
"30808","146856","2025-11-17","8","3333","1","1843","Cold Box Gasado","Cold Box Pequena","Silica","0","1","peça","2","2","130","0","130","65","3","163","2025-11-11","2025-11-13","10/11/2025 23:02:03","68","68","2025-11-10 23:02:03.000","2025-11-10"
"30809","146923","2025-11-14","11","2671","23","2907","Cold Box Gasado","Cold Box Pequena","Silica","10","1","Molde","2","1","238","0","17","9","3","21","2025-11-10","2025-11-12","10/11/2025 23:02:03","68","68","2025-11-10 23:02:03.000","2025-11-10"
"30810","146963","2025-11-10","7","4292","30","2926","Pep Set","Carrossel","Silica","","1","Lote","1","1","72","0","1","1","1","1","2025-11-04","2025-11-06","10/11/2025 23:02:03","68","68","2025-11-10 23:02:03.000","2025-11-10"
"30811","146964","2025-11-11","5","4292","30","2926","Pep Set","Carrossel","Silica","","1","Lote","1","1","72","0","1","1","1","1","2025-11-05","2025-11-07","10/11/2025 23:02:03","68","68","2025-11-10 23:02:03.000","2025-11-10"
"30812","146965","2025-11-12","12","4292","30","2926","Pep Set","Carrossel","Silica","","1","Lote","1","1","72","0","1","1","1","1","2025-11-06","2025-11-10","10/11/2025 23:02:03","68","68","2025-11-10 23:02:03.000","2025-11-10"
"30813","146966","2025-11-13","11","4292","1","1755","Cold Box Soprado","Sopradora","Silica","12","1","peça","1","1","72","59","13","13","1","18","2025-11-07","2025-11-11","10/11/2025 23:02:03","68","68","2025-11-10 23:02:03.000","2025-11-10"
"30814","146966","2025-11-13","11","4292","30","2926","Pep Set","Carrossel","Silica","","1","Lote","1","1","72","0","1","1","1","1","2025-11-07","2025-11-11","10/11/2025 23:02:03","68","68","2025-11-10 23:02:03.000","2025-11-10"
"30815","146967","2025-11-14","16","4292","1","1755","Cold Box Soprado","Sopradora","Silica","12","1","peça","1","1","72","0","72","72","1","102","2025-11-10","2025-11-12","10/11/2025 23:02:03","68","68","2025-11-10 23:02:03.000","2025-11-10"
"30816","146967","2025-11-14","16","4292","30","2926","Pep Set","Carrossel","Silica","","1","Lote","1","1","72","0","1","1","1","1","2025-11-10","2025-11-12","10/11/2025 23:02:03","68","68","2025-11-10 23:02:03.000","2025-11-10"
"30817","146968","2025-11-17","14","4292","1","1755","Cold Box Soprado","Sopradora","Silica","12","1","peça","1","1","72","0","72","72","1","102","2025-11-11","2025-11-13","10/11/2025 23:02:03","68","68","2025-11-10 23:02:03.000","2025-11-10"
"30818","146968","2025-11-17","14","4292","30","2926","Pep Set","Carrossel","Silica","","1","Lote","1","1","72","0","1","1","1","1","2025-11-11","2025-11-13","10/11/2025 23:02:03","68","68","2025-11-10 23:02:03.000","2025-11-10"
"30819","146969","2025-11-18","14","4292","1","1755","Cold Box Soprado","Sopradora","Silica","12","1","peça","1","1","72","0","72","72","1","102","2025-11-12","2025-11-14","10/11/2025 23:02:03","68","68","2025-11-10 23:02:03.000","2025-11-10"
"30820","146969","2025-11-18","14","4292","30","2926","Pep Set","Carrossel","Silica","","1","Lote","1","1","72","0","1","1","1","1","2025-11-12","2025-11-14","10/11/2025 23:02:03","68","68","2025-11-10 23:02:03.000","2025-11-10"
"30821","146995","2025-11-12","5","4689","3","115","Cold Box Gasado","Cold Box Pequena","Silica","3","1","peça","1","1","8","0","8","8","3","20","2025-11-06","2025-11-10","10/11/2025 23:02:03","68","68","2025-11-10 23:02:03.000","2025-11-10"
"30822","146995","2025-11-12","5","4689","20","2629","Cold Box Soprado","Sopradora","Silica","2","1","peça","3","1","8","0","6","2","1","3","2025-11-06","2025-11-10","10/11/2025 23:02:03","68","68","2025-11-10 23:02:03.000","2025-11-10"
"30823","146996","2025-11-13","3","4689","1","113","Pep Set","Chão","Silica","","1","peça","1","2","8","4","4","4","15","60","2025-11-07","2025-11-11","10/11/2025 23:02:03","68","68","2025-11-10 23:02:03.000","2025-11-10"
"30824","146996","2025-11-13","3","4689","3","115","Cold Box Gasado","Cold Box Pequena","Silica","3","1","peça","1","1","8","0","8","8","3","20","2025-11-07","2025-11-11","10/11/2025 23:02:03","68","68","2025-11-10 23:02:03.000","2025-11-10"
"30825","146996","2025-11-13","3","4689","20","2629","Cold Box Soprado","Sopradora","Silica","2","1","peça","3","1","8","0","6","2","1","3","2025-11-07","2025-11-11","10/11/2025 23:02:03","68","68","2025-11-10 23:02:03.000","2025-11-10"
"30826","146997","2025-11-14","5","4689","1","113","Pep Set","Chão","Silica","","1","peça","1","2","8","0","8","8","15","120","2025-11-10","2025-11-12","10/11/2025 23:02:03","68","68","2025-11-10 23:02:03.000","2025-11-10"
"30827","146997","2025-11-14","5","4689","2","114","Cold Box Soprado","Sopradora","Silica","3","1","peça","2","1","8","0","8","4","1","6","2025-11-10","2025-11-12","10/11/2025 23:02:03","68","68","2025-11-10 23:02:03.000","2025-11-10"
"30828","146997","2025-11-14","5","4689","3","115","Cold Box Gasado","Cold Box Pequena","Silica","3","1","peça","1","1","8","0","8","8","3","20","2025-11-10","2025-11-12","10/11/2025 23:02:03","68","68","2025-11-10 23:02:03.000","2025-11-10"
"30829","146997","2025-11-14","5","4689","20","2629","Cold Box Soprado","Sopradora","Silica","2","1","peça","3","1","8","0","6","2","1","3","2025-11-10","2025-11-12","10/11/2025 23:02:03","68","68","2025-11-10 23:02:03.000","2025-11-10"
"30830","146998","2025-11-17","1","4689","1","113","Pep Set","Chão","Silica","","1","peça","1","2","8","0","8","8","15","120","2025-11-11","2025-11-13","10/11/2025 23:02:03","68","68","2025-11-10 23:02:03.000","2025-11-10"
"30831","146998","2025-11-17","1","4689","2","114","Cold Box Soprado","Sopradora","Silica","3","1","peça","2","1","8","0","8","4","1","6","2025-11-11","2025-11-13","10/11/2025 23:02:03","68","68","2025-11-10 23:02:03.000","2025-11-10"
"30832","146998","2025-11-17","1","4689","3","115","Cold Box Gasado","Cold Box Pequena","Silica","3","1","peça","1","1","8","0","8","8","3","20","2025-11-11","2025-11-13","10/11/2025 23:02:03","68","68","2025-11-10 23:02:03.000","2025-11-10"
"30833","146998","2025-11-17","1","4689","20","2629","Cold Box Soprado","Sopradora","Silica","2","1","peça","3","1","8","0","6","2","1","3","2025-11-11","2025-11-13","10/11/2025 23:02:03","68","68","2025-11-10 23:02:03.000","2025-11-10"
"30834","146999","2025-11-17","12","4689","1","113","Pep Set","Chão","Silica","","1","peça","1","2","8","0","8","8","15","120","2025-11-11","2025-11-13","10/11/2025 23:02:03","68","68","2025-11-10 23:02:03.000","2025-11-10"
"30835","146999","2025-11-17","12","4689","2","114","Cold Box Soprado","Sopradora","Silica","3","1","peça","2","1","8","0","8","4","1","6","2025-11-11","2025-11-13","10/11/2025 23:02:03","68","68","2025-11-10 23:02:03.000","2025-11-10"
"30836","146999","2025-11-17","12","4689","3","115","Cold Box Gasado","Cold Box Pequena","Silica","3","1","peça","1","1","8","0","8","8","3","20","2025-11-11","2025-11-13","10/11/2025 23:02:03","68","68","2025-11-10 23:02:03.000","2025-11-10"
"30837","146999","2025-11-17","12","4689","20","2629","Cold Box Soprado","Sopradora","Silica","2","1","peça","3","1","8","0","6","2","1","3","2025-11-11","2025-11-13","10/11/2025 23:02:03","68","68","2025-11-10 23:02:03.000","2025-11-10"
"30838","147000","2025-11-18","1","4689","1","113","Pep Set","Chão","Silica","","1","peça","1","2","8","0","8","8","15","120","2025-11-12","2025-11-14","10/11/2025 23:02:03","68","68","2025-11-10 23:02:03.000","2025-11-10"
"30839","147000","2025-11-18","1","4689","2","114","Cold Box Soprado","Sopradora","Silica","3","1","peça","2","1","8","0","8","4","1","6","2025-11-12","2025-11-14","10/11/2025 23:02:03","68","68","2025-11-10 23:02:03.000","2025-11-10"
"30840","147000","2025-11-18","1","4689","3","115","Cold Box Gasado","Cold Box Pequena","Silica","3","1","peça","1","1","8","0","8","8","3","20","2025-11-12","2025-11-14","10/11/2025 23:02:03","68","68","2025-11-10 23:02:03.000","2025-11-10"
"30841","147000","2025-11-18","1","4689","20","2629","Cold Box Soprado","Sopradora","Silica","2","1","peça","3","1","8","0","6","2","1","3","2025-11-12","2025-11-14","10/11/2025 23:02:03","68","68","2025-11-10 23:02:03.000","2025-11-10"
"30842","147001","2025-11-18","11","4689","1","113","Pep Set","Chão","Silica","","1","peça","1","2","8","0","8","8","15","120","2025-11-12","2025-11-14","10/11/2025 23:02:03","68","68","2025-11-10 23:02:03.000","2025-11-10"
"30843","147001","2025-11-18","11","4689","2","114","Cold Box Soprado","Sopradora","Silica","3","1","peça","2","1","8","0","8","4","1","6","2025-11-12","2025-11-14","10/11/2025 23:02:03","68","68","2025-11-10 23:02:03.000","2025-11-10"
"30844","147001","2025-11-18","11","4689","3","115","Cold Box Gasado","Cold Box Pequena","Silica","3","1","peça","1","1","8","0","8","8","3","20","2025-11-12","2025-11-14","10/11/2025 23:02:03","68","68","2025-11-10 23:02:03.000","2025-11-10"
"30845","147001","2025-11-18","11","4689","20","2629","Cold Box Soprado","Sopradora","Silica","2","1","peça","3","1","8","0","6","2","1","3","2025-11-12","2025-11-14","10/11/2025 23:02:03","68","68","2025-11-10 23:02:03.000","2025-11-10"
"30846","147002","2025-11-19","1","4689","1","113","Pep Set","Chão","Silica","","1","peça","1","2","8","0","8","8","15","120","2025-11-13","2025-11-17","10/11/2025 23:02:03","68","68","2025-11-10 23:02:03.000","2025-11-10"
"30847","147002","2025-11-19","1","4689","2","114","Cold Box Soprado","Sopradora","Silica","3","1","peça","2","1","8","0","8","4","1","6","2025-11-13","2025-11-17","10/11/2025 23:02:03","68","68","2025-11-10 23:02:03.000","2025-11-10"
"30848","147002","2025-11-19","1","4689","3","115","Cold Box Gasado","Cold Box Pequena","Silica","3","1","peça","1","1","8","0","8","8","3","20","2025-11-13","2025-11-17","10/11/2025 23:02:03","68","68","2025-11-10 23:02:03.000","2025-11-10"
"30849","147002","2025-11-19","1","4689","20","2629","Cold Box Soprado","Sopradora","Silica","2","1","peça","3","1","8","0","6","2","1","3","2025-11-13","2025-11-17","10/11/2025 23:02:03","68","68","2025-11-10 23:02:03.000","2025-11-10"
"30850","147003","2025-11-19","15","4689","1","113","Pep Set","Chão","Silica","","1","peça","1","2","8","0","8","8","15","120","2025-11-13","2025-11-17","10/11/2025 23:02:03","68","68","2025-11-10 23:02:03.000","2025-11-10"
"30851","147003","2025-11-19","15","4689","2","114","Cold Box Soprado","Sopradora","Silica","3","1","peça","2","1","8","0","8","4","1","6","2025-11-13","2025-11-17","10/11/2025 23:02:03","68","68","2025-11-10 23:02:03.000","2025-11-10"
"30852","147003","2025-11-19","15","4689","3","115","Cold Box Gasado","Cold Box Pequena","Silica","3","1","peça","1","1","8","0","8","8","3","20","2025-11-13","2025-11-17","10/11/2025 23:02:03","68","68","2025-11-10 23:02:03.000","2025-11-10"
"30853","147003","2025-11-19","15","4689","20","2629","Cold Box Soprado","Sopradora","Silica","2","1","peça","3","1","8","0","6","2","1","3","2025-11-13","2025-11-17","10/11/2025 23:02:03","68","68","2025-11-10 23:02:03.000","2025-11-10"
"30854","147041","2025-11-12","5","4690","3","98","Cold Box Gasado","Cold Box Pequena","Silica","3","1","peça","1","1","8","0","8","8","3","20","2025-11-06","2025-11-10","10/11/2025 23:02:03","68","68","2025-11-10 23:02:03.000","2025-11-10"
"30855","147041","2025-11-12","5","4690","20","2629","Cold Box Soprado","Sopradora","Silica","2","1","peça","3","1","8","0","6","2","1","3","2025-11-06","2025-11-10","10/11/2025 23:02:03","68","68","2025-11-10 23:02:03.000","2025-11-10"
"30856","147042","2025-11-13","3","4690","1","113","Pep Set","Chão","Silica","","1","peça","1","2","8","0","8","8","15","120","2025-11-07","2025-11-11","10/11/2025 23:02:03","68","68","2025-11-10 23:02:03.000","2025-11-10"
"30857","147042","2025-11-13","3","4690","3","98","Cold Box Gasado","Cold Box Pequena","Silica","3","1","peça","1","1","8","0","8","8","3","20","2025-11-07","2025-11-11","10/11/2025 23:02:03","68","68","2025-11-10 23:02:03.000","2025-11-10"
"30858","147042","2025-11-13","3","4690","20","2629","Cold Box Soprado","Sopradora","Silica","2","1","peça","3","1","8","0","6","2","1","3","2025-11-07","2025-11-11","10/11/2025 23:02:03","68","68","2025-11-10 23:02:03.000","2025-11-10"
"30859","147043","2025-11-14","5","4690","1","113","Pep Set","Chão","Silica","","1","peça","1","2","8","0","8","8","15","120","2025-11-10","2025-11-12","10/11/2025 23:02:03","68","68","2025-11-10 23:02:03.000","2025-11-10"
"30860","147043","2025-11-14","5","4690","2","114","Cold Box Soprado","Sopradora","Silica","3","1","peça","2","1","8","0","8","4","1","6","2025-11-10","2025-11-12","10/11/2025 23:02:03","68","68","2025-11-10 23:02:03.000","2025-11-10"
"30861","147043","2025-11-14","5","4690","3","98","Cold Box Gasado","Cold Box Pequena","Silica","3","1","peça","1","1","8","0","8","8","3","20","2025-11-10","2025-11-12","10/11/2025 23:02:03","68","68","2025-11-10 23:02:03.000","2025-11-10"
"30862","147043","2025-11-14","5","4690","20","2629","Cold Box Soprado","Sopradora","Silica","2","1","peça","3","1","8","0","6","2","1","3","2025-11-10","2025-11-12","10/11/2025 23:02:03","68","68","2025-11-10 23:02:03.000","2025-11-10"
"30863","147044","2025-11-17","1","4690","1","113","Pep Set","Chão","Silica","","1","peça","1","2","8","0","8","8","15","120","2025-11-11","2025-11-13","10/11/2025 23:02:03","68","68","2025-11-10 23:02:03.000","2025-11-10"
"30864","147044","2025-11-17","1","4690","2","114","Cold Box Soprado","Sopradora","Silica","3","1","peça","2","1","8","0","8","4","1","6","2025-11-11","2025-11-13","10/11/2025 23:02:03","68","68","2025-11-10 23:02:03.000","2025-11-10"
"30865","147044","2025-11-17","1","4690","3","98","Cold Box Gasado","Cold Box Pequena","Silica","3","1","peça","1","1","8","0","8","8","3","20","2025-11-11","2025-11-13","10/11/2025 23:02:03","68","68","2025-11-10 23:02:03.000","2025-11-10"
"30866","147044","2025-11-17","1","4690","4","385","Cold Box Soprado","Sopradora","Silica","1","1","peça","4","1","8","0","8","2","1","3","2025-11-11","2025-11-13","10/11/2025 23:02:03","68","68","2025-11-10 23:02:03.000","2025-11-10"
"30867","147044","2025-11-17","1","4690","20","2629","Cold Box Soprado","Sopradora","Silica","2","1","peça","3","1","8","0","6","2","1","3","2025-11-11","2025-11-13","10/11/2025 23:02:03","68","68","2025-11-10 23:02:03.000","2025-11-10"
"30868","147045","2025-11-17","12","4690","1","113","Pep Set","Chão","Silica","","1","peça","1","2","8","0","8","8","15","120","2025-11-11","2025-11-13","10/11/2025 23:02:03","68","68","2025-11-10 23:02:03.000","2025-11-10"
"30869","147045","2025-11-17","12","4690","2","114","Cold Box Soprado","Sopradora","Silica","3","1","peça","2","1","8","0","8","4","1","6","2025-11-11","2025-11-13","10/11/2025 23:02:03","68","68","2025-11-10 23:02:03.000","2025-11-10"
"30870","147045","2025-11-17","12","4690","3","98","Cold Box Gasado","Cold Box Pequena","Silica","3","1","peça","1","1","8","0","8","8","3","20","2025-11-11","2025-11-13","10/11/2025 23:02:03","68","68","2025-11-10 23:02:03.000","2025-11-10"
"30871","147045","2025-11-17","12","4690","4","385","Cold Box Soprado","Sopradora","Silica","1","1","peça","4","1","8","0","8","2","1","3","2025-11-11","2025-11-13","10/11/2025 23:02:03","68","68","2025-11-10 23:02:03.000","2025-11-10"
"30872","147045","2025-11-17","12","4690","20","2629","Cold Box Soprado","Sopradora","Silica","2","1","peça","3","1","8","0","6","2","1","3","2025-11-11","2025-11-13","10/11/2025 23:02:03","68","68","2025-11-10 23:02:03.000","2025-11-10"
"30873","147046","2025-11-18","1","4690","1","113","Pep Set","Chão","Silica","","1","peça","1","2","8","0","8","8","15","120","2025-11-12","2025-11-14","10/11/2025 23:02:03","68","68","2025-11-10 23:02:03.000","2025-11-10"
"30874","147046","2025-11-18","1","4690","2","114","Cold Box Soprado","Sopradora","Silica","3","1","peça","2","1","8","0","8","4","1","6","2025-11-12","2025-11-14","10/11/2025 23:02:03","68","68","2025-11-10 23:02:03.000","2025-11-10"
"30875","147046","2025-11-18","1","4690","3","98","Cold Box Gasado","Cold Box Pequena","Silica","3","1","peça","1","1","8","0","8","8","3","20","2025-11-12","2025-11-14","10/11/2025 23:02:03","68","68","2025-11-10 23:02:03.000","2025-11-10"
"30876","147046","2025-11-18","1","4690","4","385","Cold Box Soprado","Sopradora","Silica","1","1","peça","4","1","8","0","8","2","1","3","2025-11-12","2025-11-14","10/11/2025 23:02:03","68","68","2025-11-10 23:02:03.000","2025-11-10"
"30877","147046","2025-11-18","1","4690","20","2629","Cold Box Soprado","Sopradora","Silica","2","1","peça","3","1","8","0","6","2","1","3","2025-11-12","2025-11-14","10/11/2025 23:02:03","68","68","2025-11-10 23:02:03.000","2025-11-10"
"30878","147047","2025-11-18","11","4690","1","113","Pep Set","Chão","Silica","","1","peça","1","2","8","0","8","8","15","120","2025-11-12","2025-11-14","10/11/2025 23:02:03","68","68","2025-11-10 23:02:03.000","2025-11-10"
"30879","147047","2025-11-18","11","4690","2","114","Cold Box Soprado","Sopradora","Silica","3","1","peça","2","1","8","0","8","4","1","6","2025-11-12","2025-11-14","10/11/2025 23:02:03","68","68","2025-11-10 23:02:03.000","2025-11-10"
"30880","147047","2025-11-18","11","4690","3","98","Cold Box Gasado","Cold Box Pequena","Silica","3","1","peça","1","1","8","0","8","8","3","20","2025-11-12","2025-11-14","10/11/2025 23:02:03","68","68","2025-11-10 23:02:03.000","2025-11-10"
"30881","147047","2025-11-18","11","4690","4","385","Cold Box Soprado","Sopradora","Silica","1","1","peça","4","1","8","0","8","2","1","3","2025-11-12","2025-11-14","10/11/2025 23:02:03","68","68","2025-11-10 23:02:03.000","2025-11-10"
"30882","147047","2025-11-18","11","4690","20","2629","Cold Box Soprado","Sopradora","Silica","2","1","peça","3","1","8","0","6","2","1","3","2025-11-12","2025-11-14","10/11/2025 23:02:03","68","68","2025-11-10 23:02:03.000","2025-11-10"
"30883","147048","2025-11-19","1","4690","1","113","Pep Set","Chão","Silica","","1","peça","1","2","8","0","8","8","15","120","2025-11-13","2025-11-17","10/11/2025 23:02:03","68","68","2025-11-10 23:02:03.000","2025-11-10"
"30884","147048","2025-11-19","1","4690","2","114","Cold Box Soprado","Sopradora","Silica","3","1","peça","2","1","8","0","8","4","1","6","2025-11-13","2025-11-17","10/11/2025 23:02:03","68","68","2025-11-10 23:02:03.000","2025-11-10"
"30885","147048","2025-11-19","1","4690","3","98","Cold Box Gasado","Cold Box Pequena","Silica","3","1","peça","1","1","8","0","8","8","3","20","2025-11-13","2025-11-17","10/11/2025 23:02:03","68","68","2025-11-10 23:02:03.000","2025-11-10"
"30886","147048","2025-11-19","1","4690","4","385","Cold Box Soprado","Sopradora","Silica","1","1","peça","4","1","8","0","8","2","1","3","2025-11-13","2025-11-17","10/11/2025 23:02:03","68","68","2025-11-10 23:02:03.000","2025-11-10"
"30887","147048","2025-11-19","1","4690","20","2629","Cold Box Soprado","Sopradora","Silica","2","1","peça","3","1","8","0","6","2","1","3","2025-11-13","2025-11-17","10/11/2025 23:02:03","68","68","2025-11-10 23:02:03.000","2025-11-10"
"30888","147049","2025-11-19","15","4690","1","113","Pep Set","Chão","Silica","","1","peça","1","2","8","0","8","8","15","120","2025-11-13","2025-11-17","10/11/2025 23:02:03","68","68","2025-11-10 23:02:03.000","2025-11-10"
"30889","147049","2025-11-19","15","4690","2","114","Cold Box Soprado","Sopradora","Silica","3","1","peça","2","1","8","0","8","4","1","6","2025-11-13","2025-11-17","10/11/2025 23:02:03","68","68","2025-11-10 23:02:03.000","2025-11-10"
"30890","147049","2025-11-19","15","4690","3","98","Cold Box Gasado","Cold Box Pequena","Silica","3","1","peça","1","1","8","0","8","8","3","20","2025-11-13","2025-11-17","10/11/2025 23:02:03","68","68","2025-11-10 23:02:03.000","2025-11-10"
"30891","147049","2025-11-19","15","4690","4","385","Cold Box Soprado","Sopradora","Silica","1","1","peça","4","1","8","0","8","2","1","3","2025-11-13","2025-11-17","10/11/2025 23:02:03","68","68","2025-11-10 23:02:03.000","2025-11-10"
"30892","147049","2025-11-19","15","4690","20","2629","Cold Box Soprado","Sopradora","Silica","2","1","peça","3","1","8","0","6","2","1","3","2025-11-13","2025-11-17","10/11/2025 23:02:03","68","68","2025-11-10 23:02:03.000","2025-11-10"
"30893","147073","2025-11-11","13","4805","5","2694","Pep Set","Vibrado","Silica","77","1","peça","1","1","8","4","4","4","28","112","2025-11-05","2025-11-07","10/11/2025 23:02:03","68","68","2025-11-10 23:02:03.000","2025-11-10"
"30894","147074","2025-11-12","6","4805","5","2694","Pep Set","Vibrado","Silica","77","1","peça","1","1","8","0","8","8","28","224","2025-11-06","2025-11-10","10/11/2025 23:02:03","68","68","2025-11-10 23:02:03.000","2025-11-10"
"30895","147075","2025-11-12","3","4805","5","2694","Pep Set","Vibrado","Silica","77","1","peça","1","1","8","0","8","8","28","224","2025-11-06","2025-11-10","10/11/2025 23:02:03","68","68","2025-11-10 23:02:03.000","2025-11-10"
"30896","147076","2025-11-13","2","4805","5","2694","Pep Set","Vibrado","Silica","77","1","peça","1","1","8","0","8","8","28","224","2025-11-07","2025-11-11","10/11/2025 23:02:03","68","68","2025-11-10 23:02:03.000","2025-11-10"
"30897","147076","2025-11-13","2","4805","20","2629","Cold Box Soprado","Sopradora","Silica","2","2","peça","3","1","8","0","12","4","1","6","2025-11-07","2025-11-11","10/11/2025 23:02:03","68","68","2025-11-10 23:02:03.000","2025-11-10"
"30898","147077","2025-11-13","7","4805","5","2694","Pep Set","Vibrado","Silica","77","1","peça","1","1","8","0","8","8","28","224","2025-11-07","2025-11-11","10/11/2025 23:02:03","68","68","2025-11-10 23:02:03.000","2025-11-10"
"30899","147077","2025-11-13","7","4805","20","2629","Cold Box Soprado","Sopradora","Silica","2","2","peça","3","1","8","0","12","4","1","6","2025-11-07","2025-11-11","10/11/2025 23:02:03","68","68","2025-11-10 23:02:03.000","2025-11-10"
"30900","147078","2025-11-14","3","4805","1","2690","Cold Box Gasado","Cold Box 4","Silica","3","2","peça","1","1","8","0","16","16","3","40","2025-11-10","2025-11-12","10/11/2025 23:02:03","68","68","2025-11-10 23:02:03.000","2025-11-10"
"30901","147078","2025-11-14","3","4805","2","2691","Cold Box Gasado","Cold Box 4","Silica","3","2","peça","1","1","8","0","16","16","3","40","2025-11-10","2025-11-12","10/11/2025 23:02:03","68","68","2025-11-10 23:02:03.000","2025-11-10"
"30902","147078","2025-11-14","3","4805","5","2694","Pep Set","Vibrado","Silica","77","1","peça","1","1","8","0","8","8","28","224","2025-11-10","2025-11-12","10/11/2025 23:02:03","68","68","2025-11-10 23:02:03.000","2025-11-10"
"30903","147078","2025-11-14","3","4805","20","2629","Cold Box Soprado","Sopradora","Silica","2","2","peça","3","1","8","0","12","4","1","6","2025-11-10","2025-11-12","10/11/2025 23:02:03","68","68","2025-11-10 23:02:03.000","2025-11-10"
"30904","147079","2025-11-14","6","4805","1","2690","Cold Box Gasado","Cold Box 4","Silica","3","2","peça","1","1","8","0","16","16","3","40","2025-11-10","2025-11-12","10/11/2025 23:02:03","68","68","2025-11-10 23:02:03.000","2025-11-10"
"30905","147079","2025-11-14","6","4805","2","2691","Cold Box Gasado","Cold Box 4","Silica","3","2","peça","1","1","8","0","16","16","3","40","2025-11-10","2025-11-12","10/11/2025 23:02:03","68","68","2025-11-10 23:02:03.000","2025-11-10"
"30906","147079","2025-11-14","6","4805","5","2694","Pep Set","Vibrado","Silica","77","1","peça","1","1","8","0","8","8","28","224","2025-11-10","2025-11-12","10/11/2025 23:02:03","68","68","2025-11-10 23:02:03.000","2025-11-10"
"30907","147079","2025-11-14","6","4805","7","2696","Pep Set","Carrossel","Silica","8","1","peça","1","1","8","6","2","2","1","3","2025-11-10","2025-11-12","10/11/2025 23:02:03","68","68","2025-11-10 23:02:03.000","2025-11-10"
"30908","147079","2025-11-14","6","4805","9","2698","Pep Set","Carrossel","Silica","8","1","peça","1","1","8","6","2","2","1","3","2025-11-10","2025-11-12","10/11/2025 23:02:03","68","68","2025-11-10 23:02:03.000","2025-11-10"
"30909","147079","2025-11-14","6","4805","20","2629","Cold Box Soprado","Sopradora","Silica","2","2","peça","3","1","8","0","12","4","1","6","2025-11-10","2025-11-12","10/11/2025 23:02:03","68","68","2025-11-10 23:02:03.000","2025-11-10"
"30910","147080","2025-11-17","2","4805","1","2690","Cold Box Gasado","Cold Box 4","Silica","3","2","peça","1","1","8","0","16","16","3","40","2025-11-11","2025-11-13","10/11/2025 23:02:03","68","68","2025-11-10 23:02:03.000","2025-11-10"
"30911","147080","2025-11-17","2","4805","2","2691","Cold Box Gasado","Cold Box 4","Silica","3","2","peça","1","1","8","0","16","16","3","40","2025-11-11","2025-11-13","10/11/2025 23:02:03","68","68","2025-11-10 23:02:03.000","2025-11-10"
"30912","147080","2025-11-17","2","4805","3","2692","Cold Box Soprado","Sopradora","Silica","3","1","peça","2","1","8","0","8","4","1","6","2025-11-11","2025-11-13","10/11/2025 23:02:03","68","68","2025-11-10 23:02:03.000","2025-11-10"
"30913","147080","2025-11-17","2","4805","4","2693","Cold Box Soprado","Sopradora","Silica","1","4","peça","4","1","8","0","32","8","1","11","2025-11-11","2025-11-13","10/11/2025 23:02:03","68","68","2025-11-10 23:02:03.000","2025-11-10"
"30914","147080","2025-11-17","2","4805","5","2694","Pep Set","Vibrado","Silica","77","1","peça","1","1","8","0","8","8","28","224","2025-11-11","2025-11-13","10/11/2025 23:02:03","68","68","2025-11-10 23:02:03.000","2025-11-10"
"30915","147080","2025-11-17","2","4805","6","2695","Pep Set","Carrossel","Silica","8","1","peça","1","1","8","0","8","8","1","10","2025-11-11","2025-11-13","10/11/2025 23:02:03","68","68","2025-11-10 23:02:03.000","2025-11-10"
"30916","147080","2025-11-17","2","4805","7","2696","Pep Set","Carrossel","Silica","8","1","peça","1","1","8","0","8","8","1","10","2025-11-11","2025-11-13","10/11/2025 23:02:03","68","68","2025-11-10 23:02:03.000","2025-11-10"
"30917","147080","2025-11-17","2","4805","8","2697","Pep Set","Carrossel","Silica","8","1","peça","1","1","8","0","8","8","1","10","2025-11-11","2025-11-13","10/11/2025 23:02:03","68","68","2025-11-10 23:02:03.000","2025-11-10"
"30918","147080","2025-11-17","2","4805","9","2698","Pep Set","Carrossel","Silica","8","1","peça","1","1","8","0","8","8","1","10","2025-11-11","2025-11-13","10/11/2025 23:02:03","68","68","2025-11-10 23:02:03.000","2025-11-10"
"30919","147080","2025-11-17","2","4805","20","2629","Cold Box Soprado","Sopradora","Silica","2","2","peça","3","1","8","0","12","4","1","6","2025-11-11","2025-11-13","10/11/2025 23:02:03","68","68","2025-11-10 23:02:03.000","2025-11-10"
"30920","147081","2025-11-18","2","4805","1","2690","Cold Box Gasado","Cold Box 4","Silica","3","2","peça","1","1","8","0","16","16","3","40","2025-11-12","2025-11-14","10/11/2025 23:02:03","68","68","2025-11-10 23:02:03.000","2025-11-10"
"30921","147081","2025-11-18","2","4805","2","2691","Cold Box Gasado","Cold Box 4","Silica","3","2","peça","1","1","8","0","16","16","3","40","2025-11-12","2025-11-14","10/11/2025 23:02:03","68","68","2025-11-10 23:02:03.000","2025-11-10"
"30922","147081","2025-11-18","2","4805","3","2692","Cold Box Soprado","Sopradora","Silica","3","1","peça","2","1","8","0","8","4","1","6","2025-11-12","2025-11-14","10/11/2025 23:02:03","68","68","2025-11-10 23:02:03.000","2025-11-10"
"30923","147081","2025-11-18","2","4805","4","2693","Cold Box Soprado","Sopradora","Silica","1","4","peça","4","1","8","0","32","8","1","11","2025-11-12","2025-11-14","10/11/2025 23:02:03","68","68","2025-11-10 23:02:03.000","2025-11-10"
"30924","147081","2025-11-18","2","4805","5","2694","Pep Set","Vibrado","Silica","77","1","peça","1","1","8","0","8","8","28","224","2025-11-12","2025-11-14","10/11/2025 23:02:03","68","68","2025-11-10 23:02:03.000","2025-11-10"
"30925","147081","2025-11-18","2","4805","6","2695","Pep Set","Carrossel","Silica","8","1","peça","1","1","8","0","8","8","1","10","2025-11-12","2025-11-14","10/11/2025 23:02:03","68","68","2025-11-10 23:02:03.000","2025-11-10"
"30926","147081","2025-11-18","2","4805","7","2696","Pep Set","Carrossel","Silica","8","1","peça","1","1","8","0","8","8","1","10","2025-11-12","2025-11-14","10/11/2025 23:02:03","68","68","2025-11-10 23:02:03.000","2025-11-10"
"30927","147081","2025-11-18","2","4805","8","2697","Pep Set","Carrossel","Silica","8","1","peça","1","1","8","0","8","8","1","10","2025-11-12","2025-11-14","10/11/2025 23:02:03","68","68","2025-11-10 23:02:03.000","2025-11-10"
"30928","147081","2025-11-18","2","4805","9","2698","Pep Set","Carrossel","Silica","8","1","peça","1","1","8","0","8","8","1","10","2025-11-12","2025-11-14","10/11/2025 23:02:03","68","68","2025-11-10 23:02:03.000","2025-11-10"
"30929","147081","2025-11-18","2","4805","20","2629","Cold Box Soprado","Sopradora","Silica","2","2","peça","3","1","8","0","12","4","1","6","2025-11-12","2025-11-14","10/11/2025 23:02:03","68","68","2025-11-10 23:02:03.000","2025-11-10"
"30930","147082","2025-11-19","2","4805","1","2690","Cold Box Gasado","Cold Box 4","Silica","3","2","peça","1","1","8","0","16","16","3","40","2025-11-13","2025-11-17","10/11/2025 23:02:03","68","68","2025-11-10 23:02:03.000","2025-11-10"
"30931","147082","2025-11-19","2","4805","2","2691","Cold Box Gasado","Cold Box 4","Silica","3","2","peça","1","1","8","0","16","16","3","40","2025-11-13","2025-11-17","10/11/2025 23:02:03","68","68","2025-11-10 23:02:03.000","2025-11-10"
"30932","147082","2025-11-19","2","4805","3","2692","Cold Box Soprado","Sopradora","Silica","3","1","peça","2","1","8","0","8","4","1","6","2025-11-13","2025-11-17","10/11/2025 23:02:03","68","68","2025-11-10 23:02:03.000","2025-11-10"
"30933","147082","2025-11-19","2","4805","4","2693","Cold Box Soprado","Sopradora","Silica","1","4","peça","4","1","8","0","32","8","1","11","2025-11-13","2025-11-17","10/11/2025 23:02:03","68","68","2025-11-10 23:02:03.000","2025-11-10"
"30934","147082","2025-11-19","2","4805","5","2694","Pep Set","Vibrado","Silica","77","1","peça","1","1","8","0","8","8","28","224","2025-11-13","2025-11-17","10/11/2025 23:02:03","68","68","2025-11-10 23:02:03.000","2025-11-10"
"30935","147082","2025-11-19","2","4805","6","2695","Pep Set","Carrossel","Silica","8","1","peça","1","1","8","0","8","8","1","10","2025-11-13","2025-11-17","10/11/2025 23:02:03","68","68","2025-11-10 23:02:03.000","2025-11-10"
"30936","147082","2025-11-19","2","4805","7","2696","Pep Set","Carrossel","Silica","8","1","peça","1","1","8","0","8","8","1","10","2025-11-13","2025-11-17","10/11/2025 23:02:03","68","68","2025-11-10 23:02:03.000","2025-11-10"
"30937","147082","2025-11-19","2","4805","8","2697","Pep Set","Carrossel","Silica","8","1","peça","1","1","8","0","8","8","1","10","2025-11-13","2025-11-17","10/11/2025 23:02:03","68","68","2025-11-10 23:02:03.000","2025-11-10"
"30938","147082","2025-11-19","2","4805","9","2698","Pep Set","Carrossel","Silica","8","1","peça","1","1","8","0","8","8","1","10","2025-11-13","2025-11-17","10/11/2025 23:02:03","68","68","2025-11-10 23:02:03.000","2025-11-10"
"30939","147082","2025-11-19","2","4805","20","2629","Cold Box Soprado","Sopradora","Silica","2","2","peça","3","1","8","0","12","4","1","6","2025-11-13","2025-11-17","10/11/2025 23:02:03","68","68","2025-11-10 23:02:03.000","2025-11-10"
"30940","147108","2025-11-11","3","5134","20","2629","Cold Box Soprado","Sopradora","Silica","2","2","peça","3","1","16","0","24","8","1","11","2025-11-05","2025-11-07","10/11/2025 23:02:03","68","68","2025-11-10 23:02:03.000","2025-11-10"
"30941","147120","2025-11-14","7","947","1","87","Pep Set","Carrossel","Silica","22","1","peça","1","2","20","0","20","20","1","25","2025-11-10","2025-11-12","10/11/2025 23:02:03","68","68","2025-11-10 23:02:03.000","2025-11-10"
"30942","147120","2025-11-14","7","947","2","88","Pep Set","Carrossel","Silica","16","1","peça","1","2","20","0","20","20","1","25","2025-11-10","2025-11-12","10/11/2025 23:02:03","68","68","2025-11-10 23:02:03.000","2025-11-10"
"30943","147120","2025-11-14","7","947","4","94","Pep Set","Carrossel","Silica","5","1","peça","1","2","20","0","20","20","1","25","2025-11-10","2025-11-12","10/11/2025 23:02:03","68","68","2025-11-10 23:02:03.000","2025-11-10"
"30944","147128","2025-11-12","2","5135","20","2629","Cold Box Soprado","Sopradora","Silica","2","2","peça","3","1","16","0","24","8","1","11","2025-11-06","2025-11-10","10/11/2025 23:02:03","68","68","2025-11-10 23:02:03.000","2025-11-10"
"30945","147129","2025-11-14","12","5135","20","2629","Cold Box Soprado","Sopradora","Silica","2","2","peça","3","1","16","0","24","8","1","11","2025-11-10","2025-11-12","10/11/2025 23:02:03","68","68","2025-11-10 23:02:03.000","2025-11-10"
"30946","147130","2025-11-17","16","5135","6","840","Cold Box Soprado","Sopradora","Silica","2","1","peça","4","1","16","0","16","4","1","6","2025-11-11","2025-11-13","10/11/2025 23:02:03","68","68","2025-11-10 23:02:03.000","2025-11-10"
"30947","147130","2025-11-17","16","5135","7","841","Cold Box Soprado","Sopradora","Silica","1","1","peça","4","1","16","0","16","4","1","6","2025-11-11","2025-11-13","10/11/2025 23:02:03","68","68","2025-11-10 23:02:03.000","2025-11-10"
"30948","147130","2025-11-17","16","5135","20","2629","Cold Box Soprado","Sopradora","Silica","2","2","peça","3","1","16","0","24","8","1","11","2025-11-11","2025-11-13","10/11/2025 23:02:03","68","68","2025-11-10 23:02:03.000","2025-11-10"
"30949","147131","2025-11-18","15","5135","1","2920","Pep Set","Carrossel","Silica","9","1","peça","1","1","16","0","16","16","1","20","2025-11-12","2025-11-14","10/11/2025 23:02:03","68","68","2025-11-10 23:02:03.000","2025-11-10"
"30950","147131","2025-11-18","15","5135","6","840","Cold Box Soprado","Sopradora","Silica","2","1","peça","4","1","16","0","16","4","1","6","2025-11-12","2025-11-14","10/11/2025 23:02:03","68","68","2025-11-10 23:02:03.000","2025-11-10"
"30951","147131","2025-11-18","15","5135","7","841","Cold Box Soprado","Sopradora","Silica","1","1","peça","4","1","16","0","16","4","1","6","2025-11-12","2025-11-14","10/11/2025 23:02:03","68","68","2025-11-10 23:02:03.000","2025-11-10"
"30952","147131","2025-11-18","15","5135","20","2629","Cold Box Soprado","Sopradora","Silica","2","2","peça","3","1","16","0","24","8","1","11","2025-11-12","2025-11-14","10/11/2025 23:02:03","68","68","2025-11-10 23:02:03.000","2025-11-10"
"30953","147154","2025-11-19","16","5155","1","2971","Pep Set","Carrossel","Silica","23","1","Molde","1","1","216","0","12","12","1","15","2025-11-13","2025-11-17","10/11/2025 23:02:03","68","68","2025-11-10 23:02:03.000","2025-11-10"
"30954","147165","2025-11-13","4","4755","1","116","Pep Set","Chão","Silica","13","1","peça","1","2","20","7","13","13","15","195","2025-11-07","2025-11-11","10/11/2025 23:02:03","68","68","2025-11-10 23:02:03.000","2025-11-10"
"30955","147165","2025-11-13","4","4755","2","117","Cold Box Soprado","Sopradora","Silica","6","1","peça","2","1","20","0","20","10","1","14","2025-11-07","2025-11-11","10/11/2025 23:02:03","68","68","2025-11-10 23:02:03.000","2025-11-10"
"30956","147165","2025-11-13","4","4755","3","2514","Cold Box Soprado","Sopradora","Silica","3","1","peça","4","1","20","0","20","5","1","7","2025-11-07","2025-11-11","10/11/2025 23:02:03","68","68","2025-11-10 23:02:03.000","2025-11-10"
"30957","147168","2025-11-14","1","4755","1","116","Pep Set","Chão","Silica","13","1","peça","1","2","20","0","20","20","15","300","2025-11-10","2025-11-12","10/11/2025 23:02:03","68","68","2025-11-10 23:02:03.000","2025-11-10"
"30958","147168","2025-11-14","1","4755","2","117","Cold Box Soprado","Sopradora","Silica","6","1","peça","2","1","20","0","20","10","1","14","2025-11-10","2025-11-12","10/11/2025 23:02:03","68","68","2025-11-10 23:02:03.000","2025-11-10"
"30959","147168","2025-11-14","1","4755","3","2514","Cold Box Soprado","Sopradora","Silica","3","1","peça","4","1","20","0","20","5","1","7","2025-11-10","2025-11-12","10/11/2025 23:02:03","68","68","2025-11-10 23:02:03.000","2025-11-10"
"30960","147207","2025-11-14","4","5134","6","840","Cold Box Soprado","Sopradora","Silica","2","1","peça","4","1","16","0","16","4","1","6","2025-11-10","2025-11-12","10/11/2025 23:02:03","68","68","2025-11-10 23:02:03.000","2025-11-10"
"30961","147207","2025-11-14","4","5134","7","834","Cold Box Soprado","Sopradora","Silica","1","1","peça","4","1","16","0","16","4","1","6","2025-11-10","2025-11-12","10/11/2025 23:02:03","68","68","2025-11-10 23:02:03.000","2025-11-10"
"30962","147207","2025-11-14","4","5134","20","2629","Cold Box Soprado","Sopradora","Silica","2","2","peça","3","1","16","0","24","8","1","11","2025-11-10","2025-11-12","10/11/2025 23:02:03","68","68","2025-11-10 23:02:03.000","2025-11-10"
"30963","147218","2025-11-14","2","1008","1","668","Pep Set","Chão","Silica","56","1","peça","1","1","7","0","7","7","15","105","2025-11-10","2025-11-12","10/11/2025 23:02:03","68","68","2025-11-10 23:02:03.000","2025-11-10"
"30964","147218","2025-11-14","2","1008","2","669","Pep Set","Carrossel","Silica","62","1","peça","1","1","7","0","7","7","1","9","2025-11-10","2025-11-12","10/11/2025 23:02:03","68","68","2025-11-10 23:02:03.000","2025-11-10"
"30965","147218","2025-11-14","2","1008","3","670","Pep Set","Carrossel","Silica","61","1","peça","1","1","7","0","7","7","1","9","2025-11-10","2025-11-12","10/11/2025 23:02:03","68","68","2025-11-10 23:02:03.000","2025-11-10"
"30966","147219","2025-11-18","9","1008","1","668","Pep Set","Chão","Silica","56","1","peça","1","1","7","0","7","7","15","105","2025-11-12","2025-11-14","10/11/2025 23:02:03","68","68","2025-11-10 23:02:03.000","2025-11-10"
"30967","147219","2025-11-18","9","1008","2","669","Pep Set","Carrossel","Silica","62","1","peça","1","1","7","0","7","7","1","9","2025-11-12","2025-11-14","10/11/2025 23:02:03","68","68","2025-11-10 23:02:03.000","2025-11-10"
"30968","147219","2025-11-18","9","1008","3","670","Pep Set","Carrossel","Silica","61","1","peça","1","1","7","0","7","7","1","9","2025-11-12","2025-11-14","10/11/2025 23:02:03","68","68","2025-11-10 23:02:03.000","2025-11-10"
"30969","147228","2025-11-13","5","948","1","1211","Pep Set","Chão","Silica","23","1","peça","1","1","13","8","5","5","15","75","2025-11-07","2025-11-11","10/11/2025 23:02:03","68","68","2025-11-10 23:02:03.000","2025-11-10"
"30970","147299","2025-11-19","13","4292","1","1755","Cold Box Soprado","Sopradora","Silica","12","1","peça","1","1","72","0","72","72","1","102","2025-11-13","2025-11-17","10/11/2025 23:02:03","68","68","2025-11-10 23:02:03.000","2025-11-10"
"30971","147299","2025-11-19","13","4292","30","2926","Pep Set","Carrossel","Silica","","1","Lote","1","1","72","0","1","1","1","1","2025-11-13","2025-11-17","10/11/2025 23:02:03","68","68","2025-11-10 23:02:03.000","2025-11-10"
"30972","147390","2025-11-12","11","753","23","2907","Cold Box Gasado","Cold Box Pequena","Silica","10","1","Molde","2","1","351","0","13","7","3","16","2025-11-06","2025-11-10","10/11/2025 23:02:03","68","68","2025-11-10 23:02:03.000","2025-11-10"
"30973","147398","2025-11-13","10","4135","1","2301","Cold Box Gasado","Cold Box Pequena","Silica","6","1","peça","1","2","84","40","44","44","3","110","2025-11-07","2025-11-11","10/11/2025 23:02:03","68","68","2025-11-10 23:02:03.000","2025-11-10"
"30974","147398","2025-11-13","10","4135","30","2926","Pep Set","Carrossel","Silica","","1","Lote","1","1","84","0","1","1","1","1","2025-11-07","2025-11-11","10/11/2025 23:02:03","68","68","2025-11-10 23:02:03.000","2025-11-10"
"30975","148453","2025-11-13","14","2671","23","2907","Cold Box Gasado","Cold Box Pequena","Silica","10","1","Molde","2","1","210","0","15","8","3","19","2025-11-07","2025-11-11","10/11/2025 23:02:03","68","68","2025-11-10 23:02:03.000","2025-11-10"
"30976","148479","2025-11-19","6","5095","22","2906","Cold Box Gasado","Cold Box Pequena","Silica","8","1","Molde","2","1","270","0","18","9","3","23","2025-11-13","2025-11-17","10/11/2025 23:02:03","68","68","2025-11-10 23:02:03.000","2025-11-10"
"30977","148480","2025-11-17","7","5095","22","2906","Cold Box Gasado","Cold Box Pequena","Silica","8","1","Molde","2","1","270","0","18","9","3","23","2025-11-11","2025-11-13","10/11/2025 23:02:03","68","68","2025-11-10 23:02:03.000","2025-11-10"
"30978","148481","2025-11-18","6","5095","22","2906","Cold Box Gasado","Cold Box Pequena","Silica","8","1","Molde","2","1","195","0","13","7","3","16","2025-11-12","2025-11-14","10/11/2025 23:02:03","68","68","2025-11-10 23:02:03.000","2025-11-10"
"30979","148482","2025-11-19","7","5096","22","2906","Cold Box Gasado","Cold Box Pequena","Silica","8","1","Molde","2","1","315","0","21","11","3","26","2025-11-13","2025-11-17","10/11/2025 23:02:03","68","68","2025-11-10 23:02:03.000","2025-11-10"
"30980","148485","2025-11-18","6","3333","1","1843","Cold Box Gasado","Cold Box Pequena","Silica","0","1","peça","2","2","40","0","40","20","3","50","2025-11-12","2025-11-14","10/11/2025 23:02:03","68","68","2025-11-10 23:02:03.000","2025-11-10"
"30981","148489","2025-11-12","15","5201","1","2962","Pep Set","Chão","Silica","319","1","peça","1","1","5","0","5","5","15","75","2025-11-06","2025-11-10","10/11/2025 23:02:03","68","68","2025-11-10 23:02:03.000","2025-11-10"
"30982","148491","2025-11-13","6","5201","1","2962","Pep Set","Chão","Silica","319","1","peça","1","1","5","0","5","5","15","75","2025-11-07","2025-11-11","10/11/2025 23:02:03","68","68","2025-11-10 23:02:03.000","2025-11-10"
"30983","148492","2025-11-14","8","5201","1","2962","Pep Set","Chão","Silica","319","1","peça","1","1","5","0","5","5","15","75","2025-11-10","2025-11-12","10/11/2025 23:02:03","68","68","2025-11-10 23:02:03.000","2025-11-10"
"30984","148496","2025-11-12","15","5202","1","2961","Pep Set","Chão","Silica","","1","peça","1","1","5","0","5","5","15","75","2025-11-06","2025-11-10","10/11/2025 23:02:03","68","68","2025-11-10 23:02:03.000","2025-11-10"
"30985","148498","2025-11-13","6","5202","1","2961","Pep Set","Chão","Silica","","1","peça","1","1","5","0","5","5","15","75","2025-11-07","2025-11-11","10/11/2025 23:02:03","68","68","2025-11-10 23:02:03.000","2025-11-10"
"30986","148499","2025-11-14","8","5202","1","2961","Pep Set","Chão","Silica","","1","peça","1","1","5","0","5","5","15","75","2025-11-10","2025-11-12","10/11/2025 23:02:03","68","68","2025-11-10 23:02:03.000","2025-11-10"
"30987","148503","2025-11-17","5","4822","1","2612","Cold Box Soprado","Sopradora","Silica","0","2","peça","6","1","12","0","24","4","1","6","2025-11-11","2025-11-13","10/11/2025 23:02:03","68","68","2025-11-10 23:02:03.000","2025-11-10"
"30988","148503","2025-11-17","5","4822","2","2574","Cold Box Soprado","Sopradora","Silica","0","2","peça","6","1","12","0","24","4","1","6","2025-11-11","2025-11-13","10/11/2025 23:02:03","68","68","2025-11-10 23:02:03.000","2025-11-10"
"30989","148504","2025-11-18","4","4822","1","2612","Cold Box Soprado","Sopradora","Silica","0","2","peça","6","1","12","0","24","4","1","6","2025-11-12","2025-11-14","10/11/2025 23:02:03","68","68","2025-11-10 23:02:03.000","2025-11-10"
"30990","148504","2025-11-18","4","4822","2","2574","Cold Box Soprado","Sopradora","Silica","0","2","peça","6","1","12","0","24","4","1","6","2025-11-12","2025-11-14","10/11/2025 23:02:03","68","68","2025-11-10 23:02:03.000","2025-11-10"
"30991","148505","2025-11-19","4","4822","1","2612","Cold Box Soprado","Sopradora","Silica","0","2","peça","6","1","12","0","24","4","1","6","2025-11-13","2025-11-17","10/11/2025 23:02:03","68","68","2025-11-10 23:02:03.000","2025-11-10"
"30992","148505","2025-11-19","4","4822","2","2574","Cold Box Soprado","Sopradora","Silica","0","2","peça","6","1","12","0","24","4","1","6","2025-11-13","2025-11-17","10/11/2025 23:02:03","68","68","2025-11-10 23:02:03.000","2025-11-10"
"30993","148507","2025-11-17","6","4823","1","2575","Cold Box Soprado","Sopradora","Silica","1","2","peça","2","1","10","0","20","10","1","14","2025-11-11","2025-11-13","10/11/2025 23:02:03","68","68","2025-11-10 23:02:03.000","2025-11-10"
"30994","148507","2025-11-17","6","4823","2","2576","Cold Box Soprado","Sopradora","Silica","1","1","peça","1","1","10","0","10","10","1","14","2025-11-11","2025-11-13","10/11/2025 23:02:03","68","68","2025-11-10 23:02:03.000","2025-11-10"
"30995","148507","2025-11-17","6","4823","3","2577","Cold Box Soprado","Sopradora","Silica","1","2","peça","4","1","10","0","20","5","1","7","2025-11-11","2025-11-13","10/11/2025 23:02:03","68","68","2025-11-10 23:02:03.000","2025-11-10"
"30996","148508","2025-11-18","5","4823","1","2575","Cold Box Soprado","Sopradora","Silica","1","2","peça","2","1","10","0","20","10","1","14","2025-11-12","2025-11-14","10/11/2025 23:02:03","68","68","2025-11-10 23:02:03.000","2025-11-10"
"30997","148508","2025-11-18","5","4823","2","2576","Cold Box Soprado","Sopradora","Silica","1","1","peça","1","1","10","0","10","10","1","14","2025-11-12","2025-11-14","10/11/2025 23:02:03","68","68","2025-11-10 23:02:03.000","2025-11-10"
"30998","148508","2025-11-18","5","4823","3","2577","Cold Box Soprado","Sopradora","Silica","1","2","peça","4","1","10","0","20","5","1","7","2025-11-12","2025-11-14","10/11/2025 23:02:03","68","68","2025-11-10 23:02:03.000","2025-11-10"
"30999","148509","2025-11-19","5","4823","1","2575","Cold Box Soprado","Sopradora","Silica","1","2","peça","2","1","10","0","20","10","1","14","2025-11-13","2025-11-17","10/11/2025 23:02:03","68","68","2025-11-10 23:02:03.000","2025-11-10"
"31000","148509","2025-11-19","5","4823","2","2576","Cold Box Soprado","Sopradora","Silica","1","1","peça","1","1","10","0","10","10","1","14","2025-11-13","2025-11-17","10/11/2025 23:02:03","68","68","2025-11-10 23:02:03.000","2025-11-10"
"31001","148509","2025-11-19","5","4823","3","2577","Cold Box Soprado","Sopradora","Silica","1","2","peça","4","1","10","0","20","5","1","7","2025-11-13","2025-11-17","10/11/2025 23:02:03","68","68","2025-11-10 23:02:03.000","2025-11-10"
"31002","148522","2025-11-13","16","4999","1","2831","Pep Set","Chão","Silica","55","1","peça","1","1","10","0","10","10","15","150","2025-11-07","2025-11-11","10/11/2025 23:02:03","68","68","2025-11-10 23:02:03.000","2025-11-10"
"31003","148522","2025-11-13","16","4999","3","2833","Pep Set","Chão","Cromita","9","1","peça","1","1","10","8","2","2","15","30","2025-11-11","2025-11-12","10/11/2025 23:02:03","68","68","2025-11-10 23:02:03.000","2025-11-10"
"31004","148523","2025-11-18","7","4999","1","2831","Pep Set","Chão","Silica","55","1","peça","1","1","10","0","10","10","15","150","2025-11-12","2025-11-14","10/11/2025 23:02:03","68","68","2025-11-10 23:02:03.000","2025-11-10"
"31005","148523","2025-11-18","7","4999","2","2832","Pep Set","Carrossel","Silica","7","1","peça","1","1","10","0","10","10","1","13","2025-11-12","2025-11-14","10/11/2025 23:02:03","68","68","2025-11-10 23:02:03.000","2025-11-10"
"31006","148523","2025-11-18","7","4999","3","2833","Pep Set","Chão","Cromita","9","1","peça","1","1","10","0","10","10","15","150","2025-11-17","2025-11-17","10/11/2025 23:02:03","68","68","2025-11-10 23:02:03.000","2025-11-10"
"31007","148524","2025-11-19","10","4999","1","2831","Pep Set","Chão","Silica","55","1","peça","1","1","10","0","10","10","15","150","2025-11-13","2025-11-17","10/11/2025 23:02:03","68","68","2025-11-10 23:02:03.000","2025-11-10"
"31008","148524","2025-11-19","10","4999","2","2832","Pep Set","Carrossel","Silica","7","1","peça","1","1","10","0","10","10","1","13","2025-11-13","2025-11-17","10/11/2025 23:02:03","68","68","2025-11-10 23:02:03.000","2025-11-10"
"31009","148524","2025-11-19","10","4999","3","2833","Pep Set","Chão","Cromita","9","1","peça","1","1","10","0","10","10","15","150","2025-11-17","2025-11-18","10/11/2025 23:02:03","68","68","2025-11-10 23:02:03.000","2025-11-10"
"31010","148542","2025-11-13","15","5000","1","2829","Pep Set","Chão","Silica","55","1","peça","1","1","10","0","10","10","15","150","2025-11-07","2025-11-11","10/11/2025 23:02:03","68","68","2025-11-10 23:02:03.000","2025-11-10"
"31011","148543","2025-11-17","9","5000","1","2829","Pep Set","Chão","Silica","55","1","peça","1","1","10","0","10","10","15","150","2025-11-11","2025-11-13","10/11/2025 23:02:03","68","68","2025-11-10 23:02:03.000","2025-11-10"
"31012","148543","2025-11-17","9","5000","2","2830","Pep Set","Carrossel","Silica","7","1","peça","1","1","10","0","10","10","1","13","2025-11-11","2025-11-13","10/11/2025 23:02:03","68","68","2025-11-10 23:02:03.000","2025-11-10"
"31013","148544","2025-11-18","3","5000","1","2829","Pep Set","Chão","Silica","55","1","peça","1","1","10","0","10","10","15","150","2025-11-12","2025-11-14","10/11/2025 23:02:03","68","68","2025-11-10 23:02:03.000","2025-11-10"
"31014","148544","2025-11-18","3","5000","2","2830","Pep Set","Carrossel","Silica","7","1","peça","1","1","10","0","10","10","1","13","2025-11-12","2025-11-14","10/11/2025 23:02:03","68","68","2025-11-10 23:02:03.000","2025-11-10"
"31015","148545","2025-11-19","8","5000","1","2829","Pep Set","Chão","Silica","55","1","peça","1","1","10","0","10","10","15","150","2025-11-13","2025-11-17","10/11/2025 23:02:03","68","68","2025-11-10 23:02:03.000","2025-11-10"
"31016","148545","2025-11-19","8","5000","2","2830","Pep Set","Carrossel","Silica","7","1","peça","1","1","10","0","10","10","1","13","2025-11-13","2025-11-17","10/11/2025 23:02:03","68","68","2025-11-10 23:02:03.000","2025-11-10"
"31017","148579","2025-11-11","12","4741","30","2926","Pep Set","Carrossel","Silica","","1","Lote","1","1","12","0","1","1","1","1","2025-11-05","2025-11-07","10/11/2025 23:02:03","68","68","2025-11-10 23:02:03.000","2025-11-10"
"31018","148587","2025-11-11","12","4550","30","2926","Pep Set","Carrossel","Silica","","1","Lote","1","1","64","0","1","1","1","1","2025-11-05","2025-11-07","10/11/2025 23:02:03","68","68","2025-11-10 23:02:03.000","2025-11-10"
"31019","148601","2025-11-14","9","4573","23","2907","Cold Box Gasado","Cold Box Pequena","Silica","10","1","Molde","2","1","28","0","2","1","3","3","2025-11-10","2025-11-12","10/11/2025 23:02:03","68","68","2025-11-10 23:02:03.000","2025-11-10"
"31020","148602","2025-11-14","9","4575","23","2907","Cold Box Gasado","Cold Box Pequena","Silica","10","1","Molde","2","1","126","0","9","5","3","11","2025-11-10","2025-11-12","10/11/2025 23:02:03","68","68","2025-11-10 23:02:03.000","2025-11-10"
"31021","148603","2025-11-14","9","4574","24","2908","Cold Box Gasado","Cold Box Pequena","Silica","10","1","Molde","2","1","40","0","4","2","3","5","2025-11-10","2025-11-12","10/11/2025 23:02:03","68","68","2025-11-10 23:02:03.000","2025-11-10"
"31022","148621","2025-11-13","9","152","30","2926","Pep Set","Carrossel","Silica","","1","Lote","1","1","48","0","1","1","1","1","2025-11-07","2025-11-11","10/11/2025 23:02:03","68","68","2025-11-10 23:02:03.000","2025-11-10"
"31023","148645","2025-11-13","9","3313","30","2926","Pep Set","Carrossel","Silica","","1","Lote","1","1","48","0","1","1","1","1","2025-11-07","2025-11-11","10/11/2025 23:02:03","68","68","2025-11-10 23:02:03.000","2025-11-10"
"31024","148646","2025-11-18","10","151","1","76","Cold Box Gasado","Cold Box Pequena","Silica","1","1","peça","2","2","320","0","160","80","3","200","2025-11-12","2025-11-14","10/11/2025 23:02:03","68","68","2025-11-10 23:02:03.000","2025-11-10"
"31025","148646","2025-11-18","10","151","2","77","Cold Box Gasado","Cold Box Pequena","Silica","1","1","peça","2","2","320","0","160","80","3","200","2025-11-12","2025-11-14","10/11/2025 23:02:03","68","68","2025-11-10 23:02:03.000","2025-11-10"
"31026","148646","2025-11-18","10","151","30","2926","Pep Set","Carrossel","Silica","","1","Lote","1","1","320","0","1","1","1","1","2025-11-12","2025-11-14","10/11/2025 23:02:03","68","68","2025-11-10 23:02:03.000","2025-11-10"
"31027","148660","2025-11-14","13","5201","1","2962","Pep Set","Chão","Silica","319","1","peça","1","1","5","0","5","5","15","75","2025-11-10","2025-11-12","10/11/2025 23:02:03","68","68","2025-11-10 23:02:03.000","2025-11-10"
"31028","148661","2025-11-17","3","5201","1","2962","Pep Set","Chão","Silica","319","1","peça","1","1","5","0","5","5","15","75","2025-11-11","2025-11-13","10/11/2025 23:02:03","68","68","2025-11-10 23:02:03.000","2025-11-10"
"31029","148661","2025-11-17","3","5201","2","2218","Pep Set","Carrossel","Silica","4","1","peça","1","1","5","0","5","5","1","6","2025-11-11","2025-11-13","10/11/2025 23:02:03","68","68","2025-11-10 23:02:03.000","2025-11-10"
"31030","148661","2025-11-17","3","5201","3","2368","Pep Set","Carrossel","Silica","2","1","peça","1","1","5","0","5","5","1","6","2025-11-11","2025-11-13","10/11/2025 23:02:03","68","68","2025-11-10 23:02:03.000","2025-11-10"
"31031","148661","2025-11-17","3","5201","4","2369","Pep Set","Carrossel","Silica","1","1","peça","1","1","5","0","5","5","1","6","2025-11-11","2025-11-13","10/11/2025 23:02:03","68","68","2025-11-10 23:02:03.000","2025-11-10"
"31032","148662","2025-11-14","13","5202","1","2961","Pep Set","Chão","Silica","","1","peça","1","1","5","0","5","5","15","75","2025-11-10","2025-11-12","10/11/2025 23:02:03","68","68","2025-11-10 23:02:03.000","2025-11-10"
"31033","148663","2025-11-17","3","5202","1","2961","Pep Set","Chão","Silica","","1","peça","1","1","5","0","5","5","15","75","2025-11-11","2025-11-13","10/11/2025 23:02:03","68","68","2025-11-10 23:02:03.000","2025-11-10"
"31034","148663","2025-11-17","3","5202","2","2218","Pep Set","Carrossel","Silica","4","1","peça","1","1","5","0","5","5","1","6","2025-11-11","2025-11-13","10/11/2025 23:02:03","68","68","2025-11-10 23:02:03.000","2025-11-10"
"31035","148663","2025-11-17","3","5202","3","2219","Pep Set","Carrossel","Silica","2","1","peça","1","1","5","0","5","5","1","6","2025-11-11","2025-11-13","10/11/2025 23:02:03","68","68","2025-11-10 23:02:03.000","2025-11-10"
"31036","148663","2025-11-17","3","5202","4","2220","Pep Set","Carrossel","Silica","1","1","peça","1","1","5","0","5","5","1","6","2025-11-11","2025-11-13","10/11/2025 23:02:03","68","68","2025-11-10 23:02:03.000","2025-11-10"
"31037","148664","2025-11-18","8","5202","1","2961","Pep Set","Chão","Silica","","1","peça","1","1","5","0","5","5","15","75","2025-11-12","2025-11-14","10/11/2025 23:02:03","68","68","2025-11-10 23:02:03.000","2025-11-10"
"31038","148664","2025-11-18","8","5202","2","2218","Pep Set","Carrossel","Silica","4","1","peça","1","1","5","0","5","5","1","6","2025-11-12","2025-11-14","10/11/2025 23:02:03","68","68","2025-11-10 23:02:03.000","2025-11-10"
"31039","148664","2025-11-18","8","5202","3","2219","Pep Set","Carrossel","Silica","2","1","peça","1","1","5","0","5","5","1","6","2025-11-12","2025-11-14","10/11/2025 23:02:03","68","68","2025-11-10 23:02:03.000","2025-11-10"
"31040","148664","2025-11-18","8","5202","4","2220","Pep Set","Carrossel","Silica","1","1","peça","1","1","5","0","5","5","1","6","2025-11-12","2025-11-14","10/11/2025 23:02:03","68","68","2025-11-10 23:02:03.000","2025-11-10"
"31041","148665","2025-11-18","8","5201","1","2962","Pep Set","Chão","Silica","319","1","peça","1","1","5","0","5","5","15","75","2025-11-12","2025-11-14","10/11/2025 23:02:03","68","68","2025-11-10 23:02:03.000","2025-11-10"
"31042","148665","2025-11-18","8","5201","2","2218","Pep Set","Carrossel","Silica","4","1","peça","1","1","5","0","5","5","1","6","2025-11-12","2025-11-14","10/11/2025 23:02:03","68","68","2025-11-10 23:02:03.000","2025-11-10"
"31043","148665","2025-11-18","8","5201","3","2368","Pep Set","Carrossel","Silica","2","1","peça","1","1","5","0","5","5","1","6","2025-11-12","2025-11-14","10/11/2025 23:02:03","68","68","2025-11-10 23:02:03.000","2025-11-10"
"31044","148665","2025-11-18","8","5201","4","2369","Pep Set","Carrossel","Silica","1","1","peça","1","1","5","0","5","5","1","6","2025-11-12","2025-11-14","10/11/2025 23:02:03","68","68","2025-11-10 23:02:03.000","2025-11-10"
"31045","148696","2025-11-19","9","948","1","1211","Pep Set","Chão","Silica","23","1","peça","1","1","13","0","13","13","15","195","2025-11-13","2025-11-17","10/11/2025 23:02:03","68","68","2025-11-10 23:02:03.000","2025-11-10"
"31046","148712","2025-11-12","7","4813","30","2926","Pep Set","Carrossel","Silica","","1","Lote","1","1","2","0","1","1","1","1","2025-11-06","2025-11-10","10/11/2025 23:02:03","68","68","2025-11-10 23:02:03.000","2025-11-10"
"31047","148713","2025-11-12","7","4381","30","2926","Pep Set","Carrossel","Silica","","1","Lote","1","1","24","0","1","1","1","1","2025-11-06","2025-11-10","10/11/2025 23:02:03","68","68","2025-11-10 23:02:03.000","2025-11-10"
"31048","148715","2025-11-14","14","3345","1","1948","Pep Set","Vibrado","Silica","106","1","peça","1","1","6","0","6","6","28","168","2025-11-10","2025-11-12","10/11/2025 23:02:03","68","68","2025-11-10 23:02:03.000","2025-11-10"
"31049","148726","2025-11-17","13","220","1","137","Pep Set","Chão","Silica","4","1","peça","1","2","16","0","16","16","15","240","2025-11-11","2025-11-13","10/11/2025 23:02:03","68","68","2025-11-10 23:02:03.000","2025-11-10"
"31050","148731","2025-11-17","13","4587","1","347","Cold Box Gasado","Cold Box Pequena","Silica areia nova","1","2","peça","1","2","12","0","24","24","3","60","2025-11-11","2025-11-13","10/11/2025 23:02:03","68","68","2025-11-10 23:02:03.000","2025-11-10"
"31051","148731","2025-11-17","13","4587","2","348","Cold Box Gasado","Cold Box Pequena","Silica areia nova","0","2","peça","4","2","12","0","24","6","3","15","2025-11-11","2025-11-13","10/11/2025 23:02:03","68","68","2025-11-10 23:02:03.000","2025-11-10"
"31052","148731","2025-11-17","13","4587","27","2923","Cold Box Gasado","Cold Box Pequena","Silica","8","0","peça","2","1","12","0","2","1","3","3","2025-11-11","2025-11-13","10/11/2025 23:02:03","68","68","2025-11-10 23:02:03.000","2025-11-10"
"31053","148732","2025-11-18","12","283","1","189","Pep Set","Chão","Silica areia nova","80","1","peça","1","1","4","0","4","4","15","60","2025-11-12","2025-11-14","10/11/2025 23:02:03","68","68","2025-11-10 23:02:03.000","2025-11-10"
"31054","148741","2025-11-17","5","4822","1","2612","Cold Box Soprado","Sopradora","Silica","0","2","peça","6","1","4","0","8","1","1","2","2025-11-11","2025-11-13","10/11/2025 23:02:03","68","68","2025-11-10 23:02:03.000","2025-11-10"
"31055","148741","2025-11-17","5","4822","2","2574","Cold Box Soprado","Sopradora","Silica","0","2","peça","6","1","4","0","8","1","1","2","2025-11-11","2025-11-13","10/11/2025 23:02:03","68","68","2025-11-10 23:02:03.000","2025-11-10"
"31056","148742","2025-11-17","10","4823","1","2575","Cold Box Soprado","Sopradora","Silica","1","2","peça","2","1","2","0","4","2","1","3","2025-11-11","2025-11-13","10/11/2025 23:02:03","68","68","2025-11-10 23:02:03.000","2025-11-10"
"31057","148742","2025-11-17","10","4823","2","2576","Cold Box Soprado","Sopradora","Silica","1","1","peça","1","1","2","0","2","2","1","3","2025-11-11","2025-11-13","10/11/2025 23:02:03","68","68","2025-11-10 23:02:03.000","2025-11-10"
"31058","148742","2025-11-17","10","4823","3","2577","Cold Box Soprado","Sopradora","Silica","1","2","peça","4","1","2","0","4","1","1","1","2025-11-11","2025-11-13","10/11/2025 23:02:03","68","68","2025-11-10 23:02:03.000","2025-11-10"
